-- phpMyAdmin SQL Dump
-- version 4.9.5deb2
-- https://www.phpmyadmin.net/
--
-- Hôte : localhost:3306
-- Généré le : jeu. 09 fév. 2023 à 17:18
-- Version du serveur :  8.0.32-0ubuntu0.20.04.2
-- Version de PHP : 7.4.3-4ubuntu2.17

SET SQL_MODE = "NO_AUTO_VALUE_ON_ZERO";
SET AUTOCOMMIT = 0;
START TRANSACTION;
SET time_zone = "+00:00";


/*!40101 SET @OLD_CHARACTER_SET_CLIENT=@@CHARACTER_SET_CLIENT */;
/*!40101 SET @OLD_CHARACTER_SET_RESULTS=@@CHARACTER_SET_RESULTS */;
/*!40101 SET @OLD_COLLATION_CONNECTION=@@COLLATION_CONNECTION */;
/*!40101 SET NAMES utf8mb4 */;

--
-- Base de données : `gestion_atelier`
--

DELIMITER $$
--
-- Procédures
--
CREATE DEFINER=`toto`@`localhost` PROCEDURE `insert_interventions_by_ticket_technicien_statut` (IN `id_ticket` INT, IN `id_technicien` INT, IN `id_statut` INT)  BEGIN
INSERT INTO intervention VALUES (NULL,NOW(),'lorem',30,id_ticket,id_technicien,id_statut);

END$$

CREATE DEFINER=`toto`@`localhost` PROCEDURE `insert_ticket_by_client` (IN `id_cli` INT)  BEGIN


    
INSERT INTO ticket VALUES (NULL,NOW(),CONCAT("lorem client ",id_cli,", matériel null"),NULL,id_cli);
    SELECT id_cli;
END$$

CREATE DEFINER=`toto`@`localhost` PROCEDURE `insert_ticket_by_materiel` (IN `id_mat` INT)  BEGIN
DECLARE id_cli INT;

    SELECT materiel.id_client INTO id_cli FROM materiel WHERE id_materiel=id_mat;
INSERT INTO ticket VALUES (NULL,NOW(),CONCAT("lorem client ",id_cli,", matériel ", id_mat),id_mat,id_cli);
    SELECT id_cli;
END$$

DELIMITER ;

-- --------------------------------------------------------

--
-- Structure de la table `client`
--

CREATE TABLE `client` (
  `id_client` int NOT NULL,
  `raisonSociale` varchar(255) NOT NULL
) ENGINE=InnoDB DEFAULT CHARSET=utf8mb4 COLLATE=utf8mb4_0900_ai_ci;

--
-- Déchargement des données de la table `client`
--

INSERT INTO `client` (`id_client`, `raisonSociale`) VALUES
(1, 'Volkman Inc'),
(2, 'Swaniawski Inc'),
(3, 'Ratke Inc'),
(4, 'Krajcik-O\'Connell'),
(5, 'Kutch and Sons'),
(6, 'Jast, Schroeder and Hoppe'),
(7, 'Walker-Rolfson'),
(8, 'Barton, Stehr and Kuvalis'),
(9, 'Rogahn LLC'),
(10, 'Bartell-Jakubowski'),
(11, 'Reichert, Becker and Daniel'),
(12, 'Wyman LLC'),
(13, 'Wilderman-Pfannerstill'),
(14, 'Legros-Gerlach'),
(15, 'Rowe-Wunsch'),
(16, 'Vandervort, Denesik and Braun'),
(17, 'Carroll-Donnelly'),
(18, 'Kovacek-Toy'),
(19, 'Lowe, Goldner and Rempel'),
(20, 'Gusikowski, Kling and Hills');

-- --------------------------------------------------------

--
-- Structure de la table `intervention`
--

CREATE TABLE `intervention` (
  `id_intervention` int NOT NULL,
  `dateIntervention` date NOT NULL,
  `actionEffectuee` longtext NOT NULL,
  `tempsPasse` int NOT NULL,
  `id_ticket` int NOT NULL,
  `id_technicien` int NOT NULL,
  `id_statut` int NOT NULL
) ENGINE=InnoDB DEFAULT CHARSET=utf8mb4 COLLATE=utf8mb4_0900_ai_ci;

--
-- Déchargement des données de la table `intervention`
--

INSERT INTO `intervention` (`id_intervention`, `dateIntervention`, `actionEffectuee`, `tempsPasse`, `id_ticket`, `id_technicien`, `id_statut`) VALUES
(2, '2023-02-09', 'lorem', 30, 7, 1, 1),
(3, '2023-02-09', 'lorem', 30, 7, 4, 1),
(4, '2023-02-09', 'lorem', 30, 7, 3, 1),
(5, '2023-02-09', 'lorem', 30, 7, 2, 1),
(7, '2023-02-09', 'lorem', 30, 7, 1, 1),
(8, '2023-02-09', 'lorem', 30, 35, 2, 1),
(11, '2023-02-09', 'lorem', 30, 66, 4, 1),
(13, '2023-02-09', 'lorem', 30, 66, 1, 1),
(16, '2023-02-09', 'lorem', 30, 107, 1, 1),
(21, '2023-02-09', 'lorem', 30, 135, 3, 1),
(23, '2023-02-09', 'lorem', 30, 135, 3, 1),
(27, '2023-02-09', 'lorem', 30, 201, 3, 1),
(28, '2023-02-09', 'lorem', 30, 201, 1, 1),
(29, '2023-02-09', 'lorem', 30, 201, 4, 1),
(30, '2023-02-09', 'lorem', 30, 201, 4, 1),
(35, '2023-02-09', 'lorem', 30, 201, 4, 1),
(36, '2023-02-09', 'lorem', 30, 221, 3, 1),
(37, '2023-02-09', 'lorem', 30, 221, 2, 1),
(38, '2023-02-09', 'lorem', 30, 221, 1, 1),
(40, '2023-02-09', 'lorem', 30, 221, 2, 1),
(41, '2023-02-09', 'lorem', 30, 6, 4, 1),
(44, '2023-02-09', 'lorem', 30, 6, 3, 1),
(45, '2023-02-09', 'lorem', 30, 6, 2, 1),
(46, '2023-02-09', 'lorem', 30, 6, 4, 1),
(51, '2023-02-09', 'lorem', 30, 29, 2, 1),
(52, '2023-02-09', 'lorem', 30, 29, 3, 1),
(59, '2023-02-09', 'lorem', 30, 78, 1, 1),
(60, '2023-02-09', 'lorem', 30, 78, 2, 1),
(62, '2023-02-09', 'lorem', 30, 78, 4, 1),
(64, '2023-02-09', 'lorem', 30, 79, 2, 1),
(66, '2023-02-09', 'lorem', 30, 79, 3, 1),
(73, '2023-02-09', 'lorem', 30, 96, 3, 1),
(74, '2023-02-09', 'lorem', 30, 96, 1, 1),
(76, '2023-02-09', 'lorem', 30, 96, 2, 1),
(78, '2023-02-09', 'lorem', 30, 96, 4, 1),
(79, '2023-02-09', 'lorem', 30, 99, 1, 1),
(80, '2023-02-09', 'lorem', 30, 99, 4, 1),
(82, '2023-02-09', 'lorem', 30, 99, 1, 1),
(86, '2023-02-09', 'lorem', 30, 106, 3, 1),
(88, '2023-02-09', 'lorem', 30, 106, 3, 1),
(90, '2023-02-09', 'lorem', 30, 106, 4, 1),
(91, '2023-02-09', 'lorem', 30, 114, 1, 1),
(95, '2023-02-09', 'lorem', 30, 114, 2, 1),
(97, '2023-02-09', 'lorem', 30, 114, 4, 1),
(101, '2023-02-09', 'lorem', 30, 129, 4, 1),
(102, '2023-02-09', 'lorem', 30, 134, 4, 1),
(103, '2023-02-09', 'lorem', 30, 134, 3, 1),
(105, '2023-02-09', 'lorem', 30, 134, 3, 1),
(106, '2023-02-09', 'lorem', 30, 178, 1, 1),
(113, '2023-02-09', 'lorem', 30, 179, 1, 1),
(120, '2023-02-09', 'lorem', 30, 196, 1, 1),
(121, '2023-02-09', 'lorem', 30, 196, 1, 1),
(122, '2023-02-09', 'lorem', 30, 196, 1, 1),
(124, '2023-02-09', 'lorem', 30, 196, 1, 1),
(125, '2023-02-09', 'lorem', 30, 199, 3, 1),
(126, '2023-02-09', 'lorem', 30, 199, 4, 1),
(132, '2023-02-09', 'lorem', 30, 202, 2, 1),
(133, '2023-02-09', 'lorem', 30, 202, 1, 1),
(137, '2023-02-09', 'lorem', 30, 222, 1, 1),
(138, '2023-02-09', 'lorem', 30, 37, 4, 1),
(139, '2023-02-09', 'lorem', 30, 37, 1, 1),
(142, '2023-02-09', 'lorem', 30, 43, 4, 1),
(143, '2023-02-09', 'lorem', 30, 43, 4, 1),
(144, '2023-02-09', 'lorem', 30, 59, 3, 1),
(145, '2023-02-09', 'lorem', 30, 59, 4, 1),
(150, '2023-02-09', 'lorem', 30, 80, 4, 1),
(154, '2023-02-09', 'lorem', 30, 80, 4, 1),
(156, '2023-02-09', 'lorem', 30, 80, 3, 1),
(161, '2023-02-09', 'lorem', 30, 83, 2, 1),
(165, '2023-02-09', 'lorem', 30, 83, 1, 1),
(166, '2023-02-09', 'lorem', 30, 83, 2, 1),
(167, '2023-02-09', 'lorem', 30, 83, 1, 1),
(168, '2023-02-09', 'lorem', 30, 137, 2, 1),
(171, '2023-02-09', 'lorem', 30, 137, 1, 1),
(176, '2023-02-09', 'lorem', 30, 159, 4, 1),
(177, '2023-02-09', 'lorem', 30, 159, 1, 1),
(181, '2023-02-09', 'lorem', 30, 159, 3, 1),
(182, '2023-02-09', 'lorem', 30, 159, 3, 1),
(183, '2023-02-09', 'lorem', 30, 180, 2, 1),
(187, '2023-02-09', 'lorem', 30, 183, 2, 1),
(191, '2023-02-09', 'lorem', 30, 183, 4, 1),
(192, '2023-02-09', 'lorem', 30, 203, 1, 1),
(194, '2023-02-09', 'lorem', 30, 203, 3, 1),
(200, '2023-02-09', 'lorem', 30, 4, 2, 1),
(202, '2023-02-09', 'lorem', 30, 53, 4, 1),
(206, '2023-02-09', 'lorem', 30, 53, 4, 1),
(207, '2023-02-09', 'lorem', 30, 53, 2, 1),
(210, '2023-02-09', 'lorem', 30, 55, 4, 1),
(211, '2023-02-09', 'lorem', 30, 55, 1, 1),
(214, '2023-02-09', 'lorem', 30, 55, 4, 1),
(215, '2023-02-09', 'lorem', 30, 55, 2, 1),
(216, '2023-02-09', 'lorem', 30, 55, 3, 1),
(218, '2023-02-09', 'lorem', 30, 55, 1, 1),
(220, '2023-02-09', 'lorem', 30, 56, 2, 1),
(224, '2023-02-09', 'lorem', 30, 56, 2, 1),
(231, '2023-02-09', 'lorem', 30, 57, 2, 1),
(234, '2023-02-09', 'lorem', 30, 57, 1, 1),
(238, '2023-02-09', 'lorem', 30, 104, 4, 1),
(242, '2023-02-09', 'lorem', 30, 153, 3, 1),
(244, '2023-02-09', 'lorem', 30, 153, 4, 1),
(245, '2023-02-09', 'lorem', 30, 153, 3, 1),
(246, '2023-02-09', 'lorem', 30, 155, 4, 1),
(247, '2023-02-09', 'lorem', 30, 155, 3, 1),
(249, '2023-02-09', 'lorem', 30, 155, 3, 1),
(251, '2023-02-09', 'lorem', 30, 156, 4, 1),
(252, '2023-02-09', 'lorem', 30, 156, 3, 1),
(254, '2023-02-09', 'lorem', 30, 156, 4, 1),
(255, '2023-02-09', 'lorem', 30, 156, 2, 1),
(256, '2023-02-09', 'lorem', 30, 157, 3, 1),
(259, '2023-02-09', 'lorem', 30, 157, 1, 1),
(261, '2023-02-09', 'lorem', 30, 157, 4, 1),
(262, '2023-02-09', 'lorem', 30, 157, 3, 1),
(266, '2023-02-09', 'lorem', 30, 162, 3, 1),
(272, '2023-02-09', 'lorem', 30, 162, 2, 1),
(275, '2023-02-09', 'lorem', 30, 204, 3, 1),
(280, '2023-02-09', 'lorem', 30, 224, 2, 1),
(282, '2023-02-09', 'lorem', 30, 224, 2, 1),
(283, '2023-02-09', 'lorem', 30, 224, 1, 1),
(287, '2023-02-09', 'lorem', 30, 15, 2, 1),
(290, '2023-02-09', 'lorem', 30, 15, 2, 1),
(291, '2023-02-09', 'lorem', 30, 15, 2, 1),
(294, '2023-02-09', 'lorem', 30, 40, 4, 1),
(300, '2023-02-09', 'lorem', 30, 82, 3, 1),
(303, '2023-02-09', 'lorem', 30, 82, 4, 1),
(304, '2023-02-09', 'lorem', 30, 82, 2, 1),
(306, '2023-02-09', 'lorem', 30, 87, 2, 1),
(307, '2023-02-09', 'lorem', 30, 87, 2, 1),
(309, '2023-02-09', 'lorem', 30, 87, 4, 1),
(310, '2023-02-09', 'lorem', 30, 87, 3, 1),
(312, '2023-02-09', 'lorem', 30, 87, 1, 1),
(313, '2023-02-09', 'lorem', 30, 87, 3, 1),
(315, '2023-02-09', 'lorem', 30, 87, 4, 1),
(319, '2023-02-09', 'lorem', 30, 140, 1, 1),
(323, '2023-02-09', 'lorem', 30, 140, 2, 1),
(324, '2023-02-09', 'lorem', 30, 182, 1, 1),
(325, '2023-02-09', 'lorem', 30, 182, 2, 1),
(326, '2023-02-09', 'lorem', 30, 182, 2, 1),
(330, '2023-02-09', 'lorem', 30, 187, 4, 1),
(331, '2023-02-09', 'lorem', 30, 187, 3, 1),
(334, '2023-02-09', 'lorem', 30, 205, 2, 1),
(335, '2023-02-09', 'lorem', 30, 205, 1, 1),
(336, '2023-02-09', 'lorem', 30, 205, 4, 1),
(340, '2023-02-09', 'lorem', 30, 225, 4, 1),
(348, '2023-02-09', 'lorem', 30, 225, 2, 1),
(350, '2023-02-09', 'lorem', 30, 21, 4, 1),
(352, '2023-02-09', 'lorem', 30, 21, 1, 1),
(358, '2023-02-09', 'lorem', 30, 72, 3, 1),
(359, '2023-02-09', 'lorem', 30, 72, 1, 1),
(360, '2023-02-09', 'lorem', 30, 72, 1, 1),
(364, '2023-02-09', 'lorem', 30, 72, 3, 1),
(365, '2023-02-09', 'lorem', 30, 98, 3, 1),
(366, '2023-02-09', 'lorem', 30, 98, 3, 1),
(372, '2023-02-09', 'lorem', 30, 98, 3, 1),
(375, '2023-02-09', 'lorem', 30, 121, 3, 1),
(378, '2023-02-09', 'lorem', 30, 121, 1, 1),
(379, '2023-02-09', 'lorem', 30, 121, 1, 1),
(381, '2023-02-09', 'lorem', 30, 121, 3, 1),
(382, '2023-02-09', 'lorem', 30, 121, 4, 1),
(384, '2023-02-09', 'lorem', 30, 172, 1, 1),
(387, '2023-02-09', 'lorem', 30, 198, 2, 1),
(392, '2023-02-09', 'lorem', 30, 206, 4, 1),
(393, '2023-02-09', 'lorem', 30, 206, 3, 1),
(394, '2023-02-09', 'lorem', 30, 226, 1, 1),
(396, '2023-02-09', 'lorem', 30, 226, 3, 1),
(400, '2023-02-09', 'lorem', 30, 16, 1, 1),
(401, '2023-02-09', 'lorem', 30, 16, 3, 1),
(402, '2023-02-09', 'lorem', 30, 16, 1, 1),
(406, '2023-02-09', 'lorem', 30, 58, 3, 1),
(413, '2023-02-09', 'lorem', 30, 93, 4, 1),
(435, '2023-02-09', 'lorem', 30, 158, 3, 1),
(436, '2023-02-09', 'lorem', 30, 158, 2, 1),
(437, '2023-02-09', 'lorem', 30, 158, 2, 1),
(442, '2023-02-09', 'lorem', 30, 193, 2, 1),
(443, '2023-02-09', 'lorem', 30, 193, 1, 1),
(444, '2023-02-09', 'lorem', 30, 193, 1, 1),
(445, '2023-02-09', 'lorem', 30, 193, 2, 1),
(449, '2023-02-09', 'lorem', 30, 195, 2, 1),
(451, '2023-02-09', 'lorem', 30, 195, 4, 1),
(453, '2023-02-09', 'lorem', 30, 195, 4, 1),
(457, '2023-02-09', 'lorem', 30, 195, 4, 1),
(458, '2023-02-09', 'lorem', 30, 207, 2, 1),
(461, '2023-02-09', 'lorem', 30, 207, 3, 1),
(463, '2023-02-09', 'lorem', 30, 207, 1, 1),
(465, '2023-02-09', 'lorem', 30, 207, 4, 1),
(467, '2023-02-09', 'lorem', 30, 227, 2, 1),
(468, '2023-02-09', 'lorem', 30, 227, 2, 1),
(470, '2023-02-09', 'lorem', 30, 5, 3, 1),
(471, '2023-02-09', 'lorem', 30, 5, 3, 1),
(472, '2023-02-09', 'lorem', 30, 5, 2, 1),
(477, '2023-02-09', 'lorem', 30, 5, 1, 1),
(478, '2023-02-09', 'lorem', 30, 5, 2, 1),
(479, '2023-02-09', 'lorem', 30, 26, 3, 1),
(480, '2023-02-09', 'lorem', 30, 26, 2, 1),
(482, '2023-02-09', 'lorem', 30, 26, 3, 1),
(486, '2023-02-09', 'lorem', 30, 26, 4, 1),
(487, '2023-02-09', 'lorem', 30, 30, 4, 1),
(488, '2023-02-09', 'lorem', 30, 30, 3, 1),
(491, '2023-02-09', 'lorem', 30, 30, 2, 1),
(497, '2023-02-09', 'lorem', 30, 39, 4, 1),
(504, '2023-02-09', 'lorem', 30, 39, 2, 1),
(507, '2023-02-09', 'lorem', 30, 47, 3, 1),
(508, '2023-02-09', 'lorem', 30, 47, 4, 1),
(509, '2023-02-09', 'lorem', 30, 47, 4, 1),
(510, '2023-02-09', 'lorem', 30, 47, 4, 1),
(512, '2023-02-09', 'lorem', 30, 67, 4, 1),
(518, '2023-02-09', 'lorem', 30, 67, 4, 1),
(520, '2023-02-09', 'lorem', 30, 94, 3, 1),
(528, '2023-02-09', 'lorem', 30, 105, 1, 1),
(534, '2023-02-09', 'lorem', 30, 130, 4, 1),
(536, '2023-02-09', 'lorem', 30, 130, 4, 1),
(539, '2023-02-09', 'lorem', 30, 130, 2, 1),
(541, '2023-02-09', 'lorem', 30, 139, 1, 1),
(549, '2023-02-09', 'lorem', 30, 139, 1, 1),
(551, '2023-02-09', 'lorem', 30, 147, 1, 1),
(555, '2023-02-09', 'lorem', 30, 147, 2, 1),
(557, '2023-02-09', 'lorem', 30, 147, 1, 1),
(558, '2023-02-09', 'lorem', 30, 167, 2, 1),
(561, '2023-02-09', 'lorem', 30, 167, 4, 1),
(564, '2023-02-09', 'lorem', 30, 194, 2, 1),
(565, '2023-02-09', 'lorem', 30, 194, 3, 1),
(567, '2023-02-09', 'lorem', 30, 194, 4, 1),
(574, '2023-02-09', 'lorem', 30, 208, 2, 1),
(576, '2023-02-09', 'lorem', 30, 208, 4, 1),
(582, '2023-02-09', 'lorem', 30, 22, 2, 1),
(583, '2023-02-09', 'lorem', 30, 22, 1, 1),
(586, '2023-02-09', 'lorem', 30, 22, 1, 1),
(587, '2023-02-09', 'lorem', 30, 22, 1, 1),
(588, '2023-02-09', 'lorem', 30, 74, 3, 1),
(591, '2023-02-09', 'lorem', 30, 74, 2, 1),
(592, '2023-02-09', 'lorem', 30, 74, 4, 1),
(594, '2023-02-09', 'lorem', 30, 74, 3, 1),
(597, '2023-02-09', 'lorem', 30, 74, 4, 1),
(598, '2023-02-09', 'lorem', 30, 76, 3, 1),
(603, '2023-02-09', 'lorem', 30, 122, 3, 1),
(604, '2023-02-09', 'lorem', 30, 122, 4, 1),
(607, '2023-02-09', 'lorem', 30, 122, 4, 1),
(610, '2023-02-09', 'lorem', 30, 122, 4, 1),
(611, '2023-02-09', 'lorem', 30, 122, 4, 1),
(612, '2023-02-09', 'lorem', 30, 174, 2, 1),
(614, '2023-02-09', 'lorem', 30, 174, 1, 1),
(626, '2023-02-09', 'lorem', 30, 209, 3, 1),
(627, '2023-02-09', 'lorem', 30, 209, 3, 1),
(628, '2023-02-09', 'lorem', 30, 229, 1, 1),
(630, '2023-02-09', 'lorem', 30, 229, 2, 1),
(631, '2023-02-09', 'lorem', 30, 229, 3, 1),
(632, '2023-02-09', 'lorem', 30, 229, 3, 1),
(633, '2023-02-09', 'lorem', 30, 229, 3, 1),
(634, '2023-02-09', 'lorem', 30, 229, 4, 1),
(635, '2023-02-09', 'lorem', 30, 229, 1, 1),
(641, '2023-02-09', 'lorem', 30, 81, 1, 1),
(642, '2023-02-09', 'lorem', 30, 86, 2, 1),
(644, '2023-02-09', 'lorem', 30, 86, 1, 1),
(645, '2023-02-09', 'lorem', 30, 86, 1, 1),
(646, '2023-02-09', 'lorem', 30, 91, 1, 1),
(649, '2023-02-09', 'lorem', 30, 91, 3, 1),
(653, '2023-02-09', 'lorem', 30, 181, 1, 1),
(662, '2023-02-09', 'lorem', 30, 210, 2, 1),
(664, '2023-02-09', 'lorem', 30, 230, 1, 1),
(666, '2023-02-09', 'lorem', 30, 230, 3, 1),
(667, '2023-02-09', 'lorem', 30, 230, 1, 1),
(669, '2023-02-09', 'lorem', 30, 230, 4, 1),
(672, '2023-02-09', 'lorem', 30, 230, 3, 1),
(677, '2023-02-09', 'lorem', 30, 31, 4, 1),
(679, '2023-02-09', 'lorem', 30, 31, 3, 1),
(681, '2023-02-09', 'lorem', 30, 32, 3, 1),
(682, '2023-02-09', 'lorem', 30, 32, 2, 1),
(686, '2023-02-09', 'lorem', 30, 32, 4, 1),
(692, '2023-02-09', 'lorem', 30, 36, 1, 1),
(695, '2023-02-09', 'lorem', 30, 42, 2, 1),
(697, '2023-02-09', 'lorem', 30, 42, 2, 1),
(699, '2023-02-09', 'lorem', 30, 42, 1, 1),
(700, '2023-02-09', 'lorem', 30, 42, 2, 1),
(702, '2023-02-09', 'lorem', 30, 51, 4, 1),
(707, '2023-02-09', 'lorem', 30, 69, 1, 1),
(708, '2023-02-09', 'lorem', 30, 69, 2, 1),
(711, '2023-02-09', 'lorem', 30, 127, 2, 1),
(714, '2023-02-09', 'lorem', 30, 127, 3, 1),
(715, '2023-02-09', 'lorem', 30, 127, 2, 1),
(717, '2023-02-09', 'lorem', 30, 131, 2, 1),
(720, '2023-02-09', 'lorem', 30, 131, 2, 1),
(721, '2023-02-09', 'lorem', 30, 131, 4, 1),
(724, '2023-02-09', 'lorem', 30, 132, 3, 1),
(727, '2023-02-09', 'lorem', 30, 132, 1, 1),
(730, '2023-02-09', 'lorem', 30, 136, 4, 1),
(732, '2023-02-09', 'lorem', 30, 142, 3, 1),
(734, '2023-02-09', 'lorem', 30, 142, 2, 1),
(735, '2023-02-09', 'lorem', 30, 142, 2, 1),
(736, '2023-02-09', 'lorem', 30, 142, 2, 1),
(738, '2023-02-09', 'lorem', 30, 151, 1, 1),
(739, '2023-02-09', 'lorem', 30, 151, 3, 1),
(740, '2023-02-09', 'lorem', 30, 151, 3, 1),
(741, '2023-02-09', 'lorem', 30, 151, 1, 1),
(744, '2023-02-09', 'lorem', 30, 151, 4, 1),
(746, '2023-02-09', 'lorem', 30, 151, 3, 1),
(748, '2023-02-09', 'lorem', 30, 169, 1, 1),
(754, '2023-02-09', 'lorem', 30, 211, 3, 1),
(760, '2023-02-09', 'lorem', 30, 211, 4, 1),
(761, '2023-02-09', 'lorem', 30, 231, 2, 1),
(762, '2023-02-09', 'lorem', 30, 231, 2, 1),
(765, '2023-02-09', 'lorem', 30, 231, 4, 1),
(775, '2023-02-09', 'lorem', 30, 50, 4, 1),
(777, '2023-02-09', 'lorem', 30, 50, 4, 1),
(781, '2023-02-09', 'lorem', 30, 60, 4, 1),
(784, '2023-02-09', 'lorem', 30, 61, 1, 1),
(788, '2023-02-09', 'lorem', 30, 61, 4, 1),
(789, '2023-02-09', 'lorem', 30, 77, 4, 1),
(790, '2023-02-09', 'lorem', 30, 77, 1, 1),
(792, '2023-02-09', 'lorem', 30, 77, 4, 1),
(793, '2023-02-09', 'lorem', 30, 77, 2, 1),
(794, '2023-02-09', 'lorem', 30, 117, 3, 1),
(795, '2023-02-09', 'lorem', 30, 117, 4, 1),
(798, '2023-02-09', 'lorem', 30, 124, 4, 1),
(799, '2023-02-09', 'lorem', 30, 124, 4, 1),
(801, '2023-02-09', 'lorem', 30, 124, 1, 1),
(802, '2023-02-09', 'lorem', 30, 150, 2, 1),
(803, '2023-02-09', 'lorem', 30, 150, 1, 1),
(805, '2023-02-09', 'lorem', 30, 150, 4, 1),
(808, '2023-02-09', 'lorem', 30, 150, 2, 1),
(812, '2023-02-09', 'lorem', 30, 160, 3, 1),
(813, '2023-02-09', 'lorem', 30, 160, 4, 1),
(814, '2023-02-09', 'lorem', 30, 160, 2, 1),
(816, '2023-02-09', 'lorem', 30, 160, 3, 1),
(819, '2023-02-09', 'lorem', 30, 160, 4, 1),
(821, '2023-02-09', 'lorem', 30, 161, 1, 1),
(824, '2023-02-09', 'lorem', 30, 161, 2, 1),
(825, '2023-02-09', 'lorem', 30, 161, 1, 1),
(826, '2023-02-09', 'lorem', 30, 177, 3, 1),
(828, '2023-02-09', 'lorem', 30, 177, 4, 1),
(831, '2023-02-09', 'lorem', 30, 177, 1, 1),
(832, '2023-02-09', 'lorem', 30, 177, 3, 1),
(833, '2023-02-09', 'lorem', 30, 177, 3, 1),
(834, '2023-02-09', 'lorem', 30, 177, 2, 1),
(835, '2023-02-09', 'lorem', 30, 212, 3, 1),
(838, '2023-02-09', 'lorem', 30, 212, 1, 1),
(839, '2023-02-09', 'lorem', 30, 212, 3, 1),
(841, '2023-02-09', 'lorem', 30, 212, 3, 1),
(843, '2023-02-09', 'lorem', 30, 232, 2, 1),
(847, '2023-02-09', 'lorem', 30, 232, 2, 1),
(849, '2023-02-09', 'lorem', 30, 232, 3, 1),
(850, '2023-02-09', 'lorem', 30, 232, 2, 1),
(852, '2023-02-09', 'lorem', 30, 13, 2, 1),
(858, '2023-02-09', 'lorem', 30, 44, 3, 1),
(859, '2023-02-09', 'lorem', 30, 44, 1, 1),
(860, '2023-02-09', 'lorem', 30, 44, 2, 1),
(861, '2023-02-09', 'lorem', 30, 44, 2, 1),
(863, '2023-02-09', 'lorem', 30, 44, 3, 1),
(865, '2023-02-09', 'lorem', 30, 44, 4, 1),
(868, '2023-02-09', 'lorem', 30, 54, 4, 1),
(869, '2023-02-09', 'lorem', 30, 54, 1, 1),
(871, '2023-02-09', 'lorem', 30, 54, 3, 1),
(873, '2023-02-09', 'lorem', 30, 70, 2, 1),
(874, '2023-02-09', 'lorem', 30, 70, 3, 1),
(876, '2023-02-09', 'lorem', 30, 70, 1, 1),
(879, '2023-02-09', 'lorem', 30, 89, 1, 1),
(881, '2023-02-09', 'lorem', 30, 92, 3, 1),
(884, '2023-02-09', 'lorem', 30, 92, 1, 1),
(887, '2023-02-09', 'lorem', 30, 97, 3, 1),
(888, '2023-02-09', 'lorem', 30, 97, 4, 1),
(890, '2023-02-09', 'lorem', 30, 100, 3, 1),
(893, '2023-02-09', 'lorem', 30, 100, 2, 1),
(897, '2023-02-09', 'lorem', 30, 100, 3, 1),
(898, '2023-02-09', 'lorem', 30, 100, 1, 1),
(899, '2023-02-09', 'lorem', 30, 113, 1, 1),
(900, '2023-02-09', 'lorem', 30, 113, 1, 1),
(902, '2023-02-09', 'lorem', 30, 144, 1, 1),
(904, '2023-02-09', 'lorem', 30, 144, 4, 1),
(906, '2023-02-09', 'lorem', 30, 144, 4, 1),
(909, '2023-02-09', 'lorem', 30, 154, 1, 1),
(910, '2023-02-09', 'lorem', 30, 170, 3, 1),
(912, '2023-02-09', 'lorem', 30, 170, 2, 1),
(914, '2023-02-09', 'lorem', 30, 170, 4, 1),
(915, '2023-02-09', 'lorem', 30, 189, 4, 1),
(916, '2023-02-09', 'lorem', 30, 189, 2, 1),
(918, '2023-02-09', 'lorem', 30, 189, 2, 1),
(920, '2023-02-09', 'lorem', 30, 189, 3, 1),
(921, '2023-02-09', 'lorem', 30, 192, 4, 1),
(925, '2023-02-09', 'lorem', 30, 197, 1, 1),
(930, '2023-02-09', 'lorem', 30, 213, 2, 1),
(931, '2023-02-09', 'lorem', 30, 213, 1, 1),
(932, '2023-02-09', 'lorem', 30, 213, 4, 1),
(933, '2023-02-09', 'lorem', 30, 213, 1, 1),
(934, '2023-02-09', 'lorem', 30, 213, 3, 1),
(935, '2023-02-09', 'lorem', 30, 213, 3, 1),
(938, '2023-02-09', 'lorem', 30, 233, 3, 1),
(939, '2023-02-09', 'lorem', 30, 233, 2, 1),
(941, '2023-02-09', 'lorem', 30, 233, 1, 1),
(942, '2023-02-09', 'lorem', 30, 233, 2, 1),
(943, '2023-02-09', 'lorem', 30, 233, 2, 1),
(945, '2023-02-09', 'lorem', 30, 10, 2, 1),
(950, '2023-02-09', 'lorem', 30, 10, 3, 1),
(955, '2023-02-09', 'lorem', 30, 11, 1, 1),
(956, '2023-02-09', 'lorem', 30, 11, 3, 1),
(958, '2023-02-09', 'lorem', 30, 11, 1, 1),
(961, '2023-02-09', 'lorem', 30, 110, 3, 1),
(962, '2023-02-09', 'lorem', 30, 110, 1, 1),
(963, '2023-02-09', 'lorem', 30, 110, 1, 1),
(964, '2023-02-09', 'lorem', 30, 110, 4, 1),
(965, '2023-02-09', 'lorem', 30, 110, 2, 1),
(975, '2023-02-09', 'lorem', 30, 111, 2, 1),
(976, '2023-02-09', 'lorem', 30, 111, 3, 1),
(977, '2023-02-09', 'lorem', 30, 214, 2, 1),
(979, '2023-02-09', 'lorem', 30, 214, 4, 1),
(981, '2023-02-09', 'lorem', 30, 214, 4, 1),
(985, '2023-02-09', 'lorem', 30, 234, 2, 1),
(989, '2023-02-09', 'lorem', 30, 65, 3, 1),
(993, '2023-02-09', 'lorem', 30, 165, 3, 1),
(998, '2023-02-09', 'lorem', 30, 173, 2, 1),
(1002, '2023-02-09', 'lorem', 30, 173, 4, 1),
(1007, '2023-02-09', 'lorem', 30, 215, 2, 1),
(1011, '2023-02-09', 'lorem', 30, 215, 1, 1),
(1012, '2023-02-09', 'lorem', 30, 215, 4, 1),
(1016, '2023-02-09', 'lorem', 30, 3, 1, 1),
(1021, '2023-02-09', 'lorem', 30, 9, 4, 1),
(1023, '2023-02-09', 'lorem', 30, 9, 1, 1),
(1025, '2023-02-09', 'lorem', 30, 9, 3, 1),
(1044, '2023-02-09', 'lorem', 30, 28, 4, 1),
(1049, '2023-02-09', 'lorem', 30, 28, 1, 1),
(1052, '2023-02-09', 'lorem', 30, 41, 3, 1),
(1054, '2023-02-09', 'lorem', 30, 41, 4, 1),
(1056, '2023-02-09', 'lorem', 30, 41, 4, 1),
(1057, '2023-02-09', 'lorem', 30, 41, 4, 1),
(1058, '2023-02-09', 'lorem', 30, 48, 3, 1),
(1061, '2023-02-09', 'lorem', 30, 48, 4, 1),
(1069, '2023-02-09', 'lorem', 30, 52, 3, 1),
(1075, '2023-02-09', 'lorem', 30, 109, 1, 1),
(1076, '2023-02-09', 'lorem', 30, 109, 2, 1),
(1084, '2023-02-09', 'lorem', 30, 109, 4, 1),
(1085, '2023-02-09', 'lorem', 30, 120, 3, 1),
(1086, '2023-02-09', 'lorem', 30, 120, 3, 1),
(1087, '2023-02-09', 'lorem', 30, 123, 2, 1),
(1089, '2023-02-09', 'lorem', 30, 123, 3, 1),
(1092, '2023-02-09', 'lorem', 30, 128, 1, 1),
(1094, '2023-02-09', 'lorem', 30, 128, 1, 1),
(1096, '2023-02-09', 'lorem', 30, 128, 1, 1),
(1098, '2023-02-09', 'lorem', 30, 141, 2, 1),
(1099, '2023-02-09', 'lorem', 30, 141, 4, 1),
(1102, '2023-02-09', 'lorem', 30, 141, 1, 1),
(1103, '2023-02-09', 'lorem', 30, 141, 1, 1),
(1110, '2023-02-09', 'lorem', 30, 152, 2, 1),
(1113, '2023-02-09', 'lorem', 30, 152, 1, 1),
(1115, '2023-02-09', 'lorem', 30, 152, 3, 1),
(1116, '2023-02-09', 'lorem', 30, 152, 2, 1),
(1117, '2023-02-09', 'lorem', 30, 216, 3, 1),
(1118, '2023-02-09', 'lorem', 30, 216, 1, 1),
(1119, '2023-02-09', 'lorem', 30, 216, 2, 1),
(1120, '2023-02-09', 'lorem', 30, 216, 3, 1),
(1121, '2023-02-09', 'lorem', 30, 216, 2, 1),
(1122, '2023-02-09', 'lorem', 30, 216, 3, 1),
(1123, '2023-02-09', 'lorem', 30, 216, 4, 1),
(1126, '2023-02-09', 'lorem', 30, 236, 1, 1),
(1127, '2023-02-09', 'lorem', 30, 236, 3, 1),
(1133, '2023-02-09', 'lorem', 30, 18, 1, 1),
(1135, '2023-02-09', 'lorem', 30, 38, 4, 1),
(1136, '2023-02-09', 'lorem', 30, 38, 3, 1),
(1138, '2023-02-09', 'lorem', 30, 118, 3, 1),
(1139, '2023-02-09', 'lorem', 30, 118, 3, 1),
(1146, '2023-02-09', 'lorem', 30, 118, 3, 1),
(1147, '2023-02-09', 'lorem', 30, 138, 4, 1),
(1148, '2023-02-09', 'lorem', 30, 138, 4, 1),
(1149, '2023-02-09', 'lorem', 30, 217, 2, 1),
(1152, '2023-02-09', 'lorem', 30, 217, 4, 1),
(1153, '2023-02-09', 'lorem', 30, 217, 1, 1),
(1155, '2023-02-09', 'lorem', 30, 217, 2, 1),
(1156, '2023-02-09', 'lorem', 30, 237, 1, 1),
(1164, '2023-02-09', 'lorem', 30, 1, 4, 1),
(1168, '2023-02-09', 'lorem', 30, 1, 3, 1),
(1172, '2023-02-09', 'lorem', 30, 33, 4, 1),
(1173, '2023-02-09', 'lorem', 30, 63, 2, 1),
(1175, '2023-02-09', 'lorem', 30, 63, 4, 1),
(1181, '2023-02-09', 'lorem', 30, 71, 4, 1),
(1185, '2023-02-09', 'lorem', 30, 84, 4, 1),
(1190, '2023-02-09', 'lorem', 30, 90, 1, 1),
(1191, '2023-02-09', 'lorem', 30, 90, 3, 1),
(1193, '2023-02-09', 'lorem', 30, 101, 3, 1),
(1195, '2023-02-09', 'lorem', 30, 101, 2, 1),
(1197, '2023-02-09', 'lorem', 30, 133, 1, 1),
(1201, '2023-02-09', 'lorem', 30, 133, 4, 1),
(1202, '2023-02-09', 'lorem', 30, 133, 4, 1),
(1212, '2023-02-09', 'lorem', 30, 163, 3, 1),
(1214, '2023-02-09', 'lorem', 30, 163, 3, 1),
(1216, '2023-02-09', 'lorem', 30, 171, 1, 1),
(1222, '2023-02-09', 'lorem', 30, 171, 3, 1),
(1223, '2023-02-09', 'lorem', 30, 171, 4, 1),
(1224, '2023-02-09', 'lorem', 30, 184, 4, 1),
(1227, '2023-02-09', 'lorem', 30, 184, 3, 1),
(1229, '2023-02-09', 'lorem', 30, 190, 4, 1),
(1231, '2023-02-09', 'lorem', 30, 190, 1, 1),
(1233, '2023-02-09', 'lorem', 30, 190, 4, 1),
(1243, '2023-02-09', 'lorem', 30, 2, 4, 1),
(1250, '2023-02-09', 'lorem', 30, 8, 1, 1),
(1255, '2023-02-09', 'lorem', 30, 12, 3, 1),
(1256, '2023-02-09', 'lorem', 30, 12, 2, 1),
(1258, '2023-02-09', 'lorem', 30, 12, 1, 1),
(1261, '2023-02-09', 'lorem', 30, 46, 4, 1),
(1263, '2023-02-09', 'lorem', 30, 46, 3, 1),
(1264, '2023-02-09', 'lorem', 30, 46, 3, 1),
(1265, '2023-02-09', 'lorem', 30, 46, 2, 1),
(1267, '2023-02-09', 'lorem', 30, 68, 1, 1),
(1268, '2023-02-09', 'lorem', 30, 68, 1, 1),
(1269, '2023-02-09', 'lorem', 30, 68, 2, 1),
(1270, '2023-02-09', 'lorem', 30, 75, 1, 1),
(1271, '2023-02-09', 'lorem', 30, 75, 1, 1),
(1273, '2023-02-09', 'lorem', 30, 75, 3, 1),
(1274, '2023-02-09', 'lorem', 30, 75, 1, 1),
(1276, '2023-02-09', 'lorem', 30, 75, 1, 1),
(1278, '2023-02-09', 'lorem', 30, 102, 4, 1),
(1279, '2023-02-09', 'lorem', 30, 102, 4, 1),
(1280, '2023-02-09', 'lorem', 30, 102, 2, 1),
(1284, '2023-02-09', 'lorem', 30, 108, 3, 1),
(1285, '2023-02-09', 'lorem', 30, 108, 1, 1),
(1286, '2023-02-09', 'lorem', 30, 108, 3, 1),
(1287, '2023-02-09', 'lorem', 30, 108, 2, 1),
(1288, '2023-02-09', 'lorem', 30, 108, 3, 1),
(1289, '2023-02-09', 'lorem', 30, 108, 2, 1),
(1290, '2023-02-09', 'lorem', 30, 108, 1, 1),
(1291, '2023-02-09', 'lorem', 30, 108, 1, 1),
(1296, '2023-02-09', 'lorem', 30, 112, 3, 1),
(1300, '2023-02-09', 'lorem', 30, 146, 1, 1),
(1301, '2023-02-09', 'lorem', 30, 146, 2, 1),
(1303, '2023-02-09', 'lorem', 30, 168, 1, 1),
(1310, '2023-02-09', 'lorem', 30, 168, 3, 1),
(1312, '2023-02-09', 'lorem', 30, 175, 2, 1),
(1317, '2023-02-09', 'lorem', 30, 219, 4, 1),
(1320, '2023-02-09', 'lorem', 30, 219, 3, 1),
(1321, '2023-02-09', 'lorem', 30, 219, 1, 1),
(1326, '2023-02-09', 'lorem', 30, 239, 2, 1),
(1328, '2023-02-09', 'lorem', 30, 19, 3, 1),
(1330, '2023-02-09', 'lorem', 30, 19, 4, 1),
(1331, '2023-02-09', 'lorem', 30, 25, 3, 1),
(1333, '2023-02-09', 'lorem', 30, 45, 1, 1),
(1334, '2023-02-09', 'lorem', 30, 45, 1, 1),
(1335, '2023-02-09', 'lorem', 30, 49, 1, 1),
(1338, '2023-02-09', 'lorem', 30, 49, 3, 1),
(1346, '2023-02-09', 'lorem', 30, 64, 4, 1),
(1347, '2023-02-09', 'lorem', 30, 64, 1, 1),
(1348, '2023-02-09', 'lorem', 30, 64, 4, 1),
(1349, '2023-02-09', 'lorem', 30, 64, 3, 1),
(1353, '2023-02-09', 'lorem', 30, 85, 1, 1),
(1357, '2023-02-09', 'lorem', 30, 125, 3, 1),
(1359, '2023-02-09', 'lorem', 30, 125, 1, 1),
(1366, '2023-02-09', 'lorem', 30, 125, 4, 1),
(1367, '2023-02-09', 'lorem', 30, 145, 4, 1),
(1368, '2023-02-09', 'lorem', 30, 145, 3, 1),
(1372, '2023-02-09', 'lorem', 30, 145, 2, 1),
(1377, '2023-02-09', 'lorem', 30, 149, 2, 1),
(1380, '2023-02-09', 'lorem', 30, 164, 4, 1),
(1381, '2023-02-09', 'lorem', 30, 164, 4, 1),
(1383, '2023-02-09', 'lorem', 30, 164, 1, 1),
(1384, '2023-02-09', 'lorem', 30, 164, 2, 1),
(1387, '2023-02-09', 'lorem', 30, 185, 3, 1),
(1389, '2023-02-09', 'lorem', 30, 220, 3, 1),
(1391, '2023-02-09', 'lorem', 30, 220, 3, 1),
(1395, '2023-02-09', 'lorem', 30, 240, 3, 1),
(1397, '2023-02-09', 'lorem', 30, 240, 4, 1),
(1399, '2023-02-09', 'lorem', 30, 240, 2, 1),
(1400, '2023-02-09', 'lorem', 30, 240, 3, 1),
(1401, '2023-02-09', 'lorem', 30, 240, 2, 1);

-- --------------------------------------------------------

--
-- Structure de la table `marque`
--

CREATE TABLE `marque` (
  `id_marque` int NOT NULL,
  `nom` varchar(255) NOT NULL
) ENGINE=InnoDB DEFAULT CHARSET=utf8mb4 COLLATE=utf8mb4_0900_ai_ci;

--
-- Déchargement des données de la table `marque`
--

INSERT INTO `marque` (`id_marque`, `nom`) VALUES
(1, 'Dell'),
(2, 'Samsung'),
(3, 'Lenovo'),
(4, 'Xerox'),
(5, 'HP'),
(6, 'Iiyama');

-- --------------------------------------------------------

--
-- Structure de la table `materiel`
--

CREATE TABLE `materiel` (
  `id_materiel` int NOT NULL,
  `designation` varchar(255) NOT NULL,
  `refConstructeur` varchar(50) NOT NULL,
  `numSerie` varchar(50) NOT NULL,
  `id_marque` int NOT NULL,
  `id_type` int NOT NULL,
  `id_client` int NOT NULL
) ENGINE=InnoDB DEFAULT CHARSET=utf8mb4 COLLATE=utf8mb4_0900_ai_ci;

--
-- Déchargement des données de la table `materiel`
--

INSERT INTO `materiel` (`id_materiel`, `designation`, `refConstructeur`, `numSerie`, `id_marque`, `id_type`, `id_client`) VALUES
(1, 'Imprimante Q2-53-y1', 'W1XMWT', 'MS0EA2SLEC', 4, 4, 13),
(2, 'Imprimante X2-53-s1', 'B4ZCRP', 'RSF0HYPX4C', 5, 3, 7),
(3, 'Imprimante S2-73-w1', 'XOGXAA', 'D01EXVSZQA', 6, 3, 2),
(4, 'Ecran K2-33-p1', 'Q91GAQ', '9VJWAAR7HF', 6, 3, 3),
(5, 'Imprimante G2-93-f1', 'F5BWWB', '6Y8VZYWJV1', 1, 2, 18),
(6, 'Imprimante D2-13-f1', '55DHLP', 'PM4BNXNSDM', 3, 3, 11),
(7, 'Imprimante V2-53-w1', 'B614S2', 'YE1880YZR1', 6, 3, 10),
(8, 'Pc portable G2-03-d1', 'TTVT0A', 'AVJIJYXKZM', 1, 4, 19),
(9, 'Imprimante H2-93-m1', 'XOVJX4', 'HNZWAUX2TX', 1, 1, 16),
(10, 'Imprimante W2-13-s1', 'B9D4NA', '79GODZ5A6I', 1, 4, 4),
(11, 'Ecran B2-63-p1', '51DLPS', 'L870E2N48A', 4, 1, 20),
(12, 'Imprimante S2-13-o1', '4AGRUF', 'TAPWGKZE5N', 2, 1, 12),
(13, 'Ecran B2-33-w1', 'P8L5E2', 'BVOARZJQC5', 2, 2, 17),
(14, 'Ecran Y2-13-x1', 'XLKMFP', 'DC25TX6SCK', 4, 1, 19),
(15, 'Pc fixe P2-03-w1', 'RA8RK2', '1336ZAOBEH', 5, 4, 3),
(16, 'Pc fixe I2-43-i1', '7OLK1P', 'GL93F7D2GD', 2, 4, 20),
(17, 'Ecran C2-03-f1', '9ZNPZI', 'PQL6ETGA9H', 1, 3, 8),
(18, 'Ecran Z2-83-s1', 'CSG7BL', 'N2NG1IVW0H', 6, 2, 5),
(19, 'Pc portable T2-53-v1', 'P6AS1F', 'S3A1GMCU46', 6, 4, 3),
(20, 'Imprimante G2-33-x1', 'TIO3ZA', '47YHE6LVAQ', 4, 3, 8),
(21, 'Imprimante S2-13-n1', '9F9CN9', '3359LXMFNY', 3, 3, 11),
(22, 'Ecran D2-73-s1', '57KKCB', 'V8W3LOXLFY', 1, 1, 2),
(23, 'Imprimante D2-33-e1', 'PYA4X2', 'QDMBN7RB49', 3, 4, 18),
(24, 'Imprimante U2-53-a1', '88RC6X', 'AZ9Q389Q7Z', 2, 2, 16),
(25, 'Pc portable C2-43-q1', 'SHD20L', '2JW27RTG98', 6, 4, 18),
(26, 'Imprimante J2-23-q1', 'TNSG6N', '10LKQBT066', 1, 3, 1),
(27, 'Ecran M2-73-x1', 'VZR6SH', 'QT22HJXYPT', 3, 2, 2),
(28, 'Pc fixe B2-83-c1', 'YW6038', 'PFHG7ZTZBX', 6, 2, 20),
(29, 'Imprimante I2-23-e1', 'Q7YSM9', 'ML1VI12IQL', 2, 2, 6),
(30, 'Ecran M2-43-r1', 'FH3OV8', 'F46SF6IWXD', 4, 3, 16),
(31, 'Ecran X2-33-f1', 'A19Y1R', 'IAN665NUXB', 6, 3, 10),
(32, 'Ecran M2-63-j1', '321IHT', 'V2T7ASRN54', 6, 1, 5),
(33, 'Imprimante A2-03-z1', 'EU4ADN', 'ZW8XHBA0V4', 5, 2, 12),
(34, 'Imprimante I2-73-x1', 'OS5X7A', '70YZTQM9BD', 5, 2, 12),
(35, 'Pc fixe K2-03-e1', 'SSIQ0S', 'HCUM69GWHJ', 6, 4, 7),
(36, 'Imprimante X2-53-o1', 'WX46L8', 'YI0M7O03IU', 2, 1, 9),
(37, 'Pc fixe S2-83-h1', 'HGXYTG', '5AU2DLVQP5', 6, 2, 13),
(38, 'Pc portable M2-63-p1', 'O17U4W', 'BMAQYP5MQH', 2, 3, 16),
(39, 'Pc fixe D2-23-q1', 'D2IELH', 'IRHTJ09YMV', 5, 1, 4),
(40, 'Imprimante R2-53-i1', 'TJ4K68', 'OSGHNSTOX1', 2, 4, 12),
(41, 'Pc fixe C2-33-l1', 'MQJO9O', '8DDG5VLQJ4', 1, 2, 19),
(42, 'Ecran B2-53-e1', 'RHJ6G4', 'N7UIUWHWQZ', 6, 4, 18),
(43, 'Imprimante V2-73-s1', 'CYJJT0', 'VASZJSG7HT', 5, 2, 18),
(44, 'Imprimante S2-03-x1', 'E5CJGA', 'WU5VK0URLQ', 5, 1, 20),
(45, 'Pc portable L2-63-k1', 'CICA2Q', 'AVLI3QP9IC', 6, 4, 10),
(46, 'Imprimante K2-43-b1', 'IZ3ZFK', '6A3OGM4YMS', 2, 3, 20),
(47, 'Pc portable T2-33-p1', 'OU9NNC', 'IRR6LH511Q', 5, 1, 15),
(48, 'Ecran R2-33-r1', 'Y7D9PY', 'RM9P7QUZG6', 6, 1, 13),
(49, 'Imprimante I2-23-l1', 'UTTCBG', 'F1IA8O9D37', 1, 3, 16),
(50, 'Ecran U2-33-v1', '0TS7I1', '7AY2P2WFMP', 5, 3, 1),
(51, 'Imprimante M2-83-h1', 'BSVOS0', 'FF8WGJ1U6T', 2, 3, 8),
(52, 'Imprimante S2-03-c1', 'PE6P84', 'MSRRGOVLAE', 3, 1, 1),
(53, 'Pc portable A2-23-w1', '05LINT', 'VIPXPUQXRB', 6, 4, 7),
(54, 'Ecran A2-93-d1', '2FWDWR', 'SCRTD73KJ1', 5, 1, 8),
(55, 'Ecran V2-43-i1', 'HW6KRZ', '1FY4P5Z9PH', 5, 4, 19),
(56, 'Ecran A2-53-w1', 'CWE13C', 'SLFNTSBGN2', 2, 1, 11),
(57, 'Imprimante K2-73-l1', '6WNE0A', 'XT0NRAAGK0', 5, 3, 11),
(58, 'Imprimante G2-43-s1', 'HF81KF', 'EI0XP4LDXM', 5, 3, 13),
(59, 'Ecran W2-73-o1', 'IWALWF', 'EW4AJSTIS2', 1, 2, 14),
(60, 'Pc fixe H2-43-v1', 'EQFD8A', 'NOJWF7K2R1', 5, 2, 18),
(61, 'Imprimante K2-63-v1', 'O8623R', 'EI2LJO6COB', 3, 1, 11),
(62, 'Imprimante T2-53-g1', 'OTOD42', 'BXS38LC3VG', 2, 4, 16),
(63, 'Imprimante X2-93-j1', 'DPEJG6', '412FXAZHCF', 5, 4, 6),
(64, 'Ecran Q2-83-r1', 'TV44D4', '76ZIOW8438', 3, 4, 3),
(65, 'Ecran S2-33-n1', 'GXJIM6', 'D4BDED15LC', 5, 4, 15),
(66, 'Pc fixe M2-53-g1', '1I3HXB', 'XI5CPU40TM', 3, 1, 17),
(67, 'Ecran T2-93-y1', '9WNB7K', '1XRYZ70AAC', 1, 4, 14),
(68, 'Pc fixe G2-43-f1', 'KY8EBD', 'ZMHW0LLR0F', 5, 1, 9),
(69, 'Imprimante B2-83-g1', 'E5Z9CV', '756QJWQNP7', 3, 1, 8),
(70, 'Imprimante D2-63-m1', 'DE61LP', 'DYFHFTZG5D', 1, 2, 19),
(71, 'Pc portable O2-33-y1', 'QI8A4V', 'SIP6L2KWMH', 3, 3, 5),
(72, 'Imprimante D2-03-f1', 'RDLHFE', '2RZMG5DN1M', 5, 4, 19),
(73, 'Imprimante V2-53-p1', '7D5050', 'AHL3N3YUKK', 4, 2, 20),
(74, 'Ecran X2-63-h1', 'A6ZOPS', 'F55QUCRSJS', 3, 3, 16),
(75, 'Imprimante E2-83-y1', 'OJ0OMC', '53VEEC0WBZ', 2, 1, 2),
(76, 'Pc fixe T2-13-b1', '7K5WYH', '3NSHBJ5TC2', 4, 3, 12),
(77, 'Pc portable D2-63-b1', '1AMO4Y', '0ECW1YIVCZ', 6, 3, 8),
(78, 'Imprimante N2-23-m1', 'QU3RX2', 'LG3L5R0J3O', 4, 2, 11),
(79, 'Ecran T2-23-b1', 'IO5CVE', 'ROHQ7127FJ', 6, 4, 7),
(80, 'Pc fixe N2-53-v1', 'A7G7QD', 'OJR5JNAVZP', 1, 4, 13),
(81, 'Ecran K2-73-p1', 'VO2ZRC', '6X5HK4ADRR', 6, 4, 2),
(82, 'Imprimante V2-93-n1', 'SF1WWE', 'BWPA4B6E6Z', 4, 3, 16),
(83, 'Imprimante G2-83-f1', '7S2T5P', '4PG5CVQ6NQ', 6, 2, 13),
(84, 'Imprimante Z2-13-q1', 'CAQ7O7', 'CY3RRZQX18', 1, 3, 2),
(85, 'Ecran K2-83-q1', 'H7OS1Z', '9R74VYA43Q', 1, 2, 5),
(86, 'Pc portable F2-73-c1', 'S788NV', 'Y8SLEOS396', 5, 4, 9),
(87, 'Ecran X2-03-k1', 'ZNQOQ9', '0MS7GGPA60', 4, 3, 4),
(88, 'Imprimante P2-43-e1', 'NSJRYY', 'A7J5KU556O', 4, 4, 13),
(89, 'Ecran X2-33-b1', 'GQGMXA', 'K151WJW398', 3, 1, 11),
(90, 'Imprimante T2-33-q1', 'T3M3SM', 'AZT021XTUW', 5, 3, 12),
(91, 'Ecran W2-73-w1', '2BJYU6', 'PI6GV0UTWK', 4, 1, 4),
(92, 'Imprimante Y2-93-n1', 'T9F6W6', 'CWDN45E6EC', 1, 4, 7),
(93, 'Imprimante G2-43-h1', 'EBWCHR', 'AY6UKBKEPN', 6, 4, 6),
(94, 'Imprimante G2-83-f1', 'Z2R0QP', 'IUIDOLD0TG', 5, 2, 2),
(95, 'Imprimante P2-13-v1', 'SS465W', 'KOT7B0JVGW', 4, 3, 4),
(96, 'Ecran M2-33-w1', 'KHTHCD', 'GJI64N5EQZ', 3, 3, 3),
(97, 'Imprimante N2-63-u1', '9728PH', 'DDZ3Q3CYMS', 6, 4, 2),
(98, 'Imprimante O2-13-c1', 'H7BB34', 'WRZL94YOVI', 2, 2, 8),
(99, 'Imprimante H2-13-j1', 'OQGQOU', 'CN2A8LCO3O', 4, 4, 4),
(100, 'Imprimante C2-63-w1', 'TSUJ90', 'PPNNZ5C24Z', 6, 2, 13);

-- --------------------------------------------------------

--
-- Structure de la table `piece`
--

CREATE TABLE `piece` (
  `id_piece` int NOT NULL,
  `designation` varchar(255) NOT NULL,
  `puAchatHt` decimal(6,2) NOT NULL,
  `puVenteHt` decimal(6,2) NOT NULL
) ENGINE=InnoDB DEFAULT CHARSET=utf8mb4 COLLATE=utf8mb4_0900_ai_ci;

--
-- Déchargement des données de la table `piece`
--

INSERT INTO `piece` (`id_piece`, `designation`, `puAchatHt`, `puVenteHt`) VALUES
(1, 'piece - S00', '62.44', '74.93'),
(2, 'piece - ROG', '99.82', '119.78'),
(3, 'piece - GML', '14.03', '16.84'),
(4, 'piece - XX4', '39.35', '47.22'),
(5, 'piece - VKC', '57.39', '68.87'),
(6, 'piece - X9B', '19.20', '23.04'),
(7, 'piece - HB5', '77.57', '93.08'),
(8, 'piece - JY1', '77.64', '93.17'),
(9, 'piece - 6VV', '31.07', '37.28'),
(10, 'piece - SP4', '47.74', '57.29');

-- --------------------------------------------------------

--
-- Structure de la table `statut`
--

CREATE TABLE `statut` (
  `id_statut` int NOT NULL,
  `libelle` varchar(20) NOT NULL
) ENGINE=InnoDB DEFAULT CHARSET=utf8mb4 COLLATE=utf8mb4_0900_ai_ci;

--
-- Déchargement des données de la table `statut`
--

INSERT INTO `statut` (`id_statut`, `libelle`) VALUES
(1, 'En cours'),
(2, 'Clôturé');

-- --------------------------------------------------------

--
-- Structure de la table `technicien`
--

CREATE TABLE `technicien` (
  `id_technicien` int NOT NULL,
  `nom` varchar(255) NOT NULL,
  `prenom` varchar(255) NOT NULL,
  `email` varchar(255) NOT NULL
) ENGINE=InnoDB DEFAULT CHARSET=utf8mb4 COLLATE=utf8mb4_0900_ai_ci;

--
-- Déchargement des données de la table `technicien`
--

INSERT INTO `technicien` (`id_technicien`, `nom`, `prenom`, `email`) VALUES
(1, 'Blundel', 'Edeline', 'blundel.edeline@gmail.com'),
(2, 'Hamner', 'Gabbey', 'hamner.gabbey@gmail.com'),
(3, 'Stebbin', 'Shelton', 'stebbin.shelton@gmail.com'),
(4, 'Ivimey', 'Valaria', 'ivimey.valaria@gmail.com'),
(5, 'Campanelli', 'Patrizius', 'campanelli.patrizius@gmail.com');

-- --------------------------------------------------------

--
-- Structure de la table `ticket`
--

CREATE TABLE `ticket` (
  `id_ticket` int NOT NULL,
  `dateCreation` date NOT NULL,
  `description` text NOT NULL,
  `id_materiel` int DEFAULT NULL,
  `id_client` int NOT NULL
) ENGINE=InnoDB DEFAULT CHARSET=utf8mb4 COLLATE=utf8mb4_0900_ai_ci;

--
-- Déchargement des données de la table `ticket`
--

INSERT INTO `ticket` (`id_ticket`, `dateCreation`, `description`, `id_materiel`, `id_client`) VALUES
(1, '2023-02-09', 'lorem client 18, matériel 5', 5, 18),
(2, '2023-02-09', 'lorem client 19, matériel 8', 8, 19),
(3, '2023-02-09', 'lorem client 16, matériel 9', 9, 16),
(4, '2023-02-09', 'lorem client 4, matériel 10', 10, 4),
(5, '2023-02-09', 'lorem client 8, matériel 17', 17, 8),
(6, '2023-02-09', 'lorem client 2, matériel 22', 22, 2),
(7, '2023-02-09', 'lorem client 1, matériel 26', 26, 1),
(8, '2023-02-09', 'lorem client 19, matériel 41', 41, 19),
(9, '2023-02-09', 'lorem client 16, matériel 49', 49, 16),
(10, '2023-02-09', 'lorem client 14, matériel 59', 59, 14),
(11, '2023-02-09', 'lorem client 14, matériel 67', 67, 14),
(12, '2023-02-09', 'lorem client 19, matériel 70', 70, 19),
(13, '2023-02-09', 'lorem client 13, matériel 80', 80, 13),
(14, '2023-02-09', 'lorem client 2, matériel 84', 84, 2),
(15, '2023-02-09', 'lorem client 5, matériel 85', 85, 5),
(16, '2023-02-09', 'lorem client 7, matériel 92', 92, 7),
(17, '2023-02-09', 'lorem client 12, matériel 12', 12, 12),
(18, '2023-02-09', 'lorem client 17, matériel 13', 13, 17),
(19, '2023-02-09', 'lorem client 20, matériel 16', 16, 20),
(20, '2023-02-09', 'lorem client 16, matériel 24', 24, 16),
(21, '2023-02-09', 'lorem client 6, matériel 29', 29, 6),
(22, '2023-02-09', 'lorem client 9, matériel 36', 36, 9),
(23, '2023-02-09', 'lorem client 16, matériel 38', 38, 16),
(24, '2023-02-09', 'lorem client 12, matériel 40', 40, 12),
(25, '2023-02-09', 'lorem client 20, matériel 46', 46, 20),
(26, '2023-02-09', 'lorem client 8, matériel 51', 51, 8),
(27, '2023-02-09', 'lorem client 11, matériel 56', 56, 11),
(28, '2023-02-09', 'lorem client 16, matériel 62', 62, 16),
(29, '2023-02-09', 'lorem client 2, matériel 75', 75, 2),
(30, '2023-02-09', 'lorem client 8, matériel 98', 98, 8),
(31, '2023-02-09', 'lorem client 11, matériel 6', 6, 11),
(32, '2023-02-09', 'lorem client 11, matériel 21', 21, 11),
(33, '2023-02-09', 'lorem client 18, matériel 23', 23, 18),
(34, '2023-02-09', 'lorem client 2, matériel 27', 27, 2),
(35, '2023-02-09', 'lorem client 1, matériel 52', 52, 1),
(36, '2023-02-09', 'lorem client 11, matériel 61', 61, 11),
(37, '2023-02-09', 'lorem client 3, matériel 64', 64, 3),
(38, '2023-02-09', 'lorem client 17, matériel 66', 66, 17),
(39, '2023-02-09', 'lorem client 8, matériel 69', 69, 8),
(40, '2023-02-09', 'lorem client 5, matériel 71', 71, 5),
(41, '2023-02-09', 'lorem client 16, matériel 74', 74, 16),
(42, '2023-02-09', 'lorem client 11, matériel 89', 89, 11),
(43, '2023-02-09', 'lorem client 3, matériel 96', 96, 3),
(44, '2023-02-09', 'lorem client 13, matériel 1', 1, 13),
(45, '2023-02-09', 'lorem client 20, matériel 11', 11, 20),
(46, '2023-02-09', 'lorem client 19, matériel 14', 14, 19),
(47, '2023-02-09', 'lorem client 8, matériel 20', 20, 8),
(48, '2023-02-09', 'lorem client 16, matériel 30', 30, 16),
(49, '2023-02-09', 'lorem client 20, matériel 73', 73, 20),
(50, '2023-02-09', 'lorem client 12, matériel 76', 76, 12),
(51, '2023-02-09', 'lorem client 11, matériel 78', 78, 11),
(52, '2023-02-09', 'lorem client 16, matériel 82', 82, 16),
(53, '2023-02-09', 'lorem client 4, matériel 87', 87, 4),
(54, '2023-02-09', 'lorem client 13, matériel 88', 88, 13),
(55, '2023-02-09', 'lorem client 4, matériel 91', 91, 4),
(56, '2023-02-09', 'lorem client 4, matériel 95', 95, 4),
(57, '2023-02-09', 'lorem client 4, matériel 99', 99, 4),
(58, '2023-02-09', 'lorem client 7, matériel 2', 2, 7),
(59, '2023-02-09', 'lorem client 3, matériel 15', 15, 3),
(60, '2023-02-09', 'lorem client 12, matériel 33', 33, 12),
(61, '2023-02-09', 'lorem client 12, matériel 34', 34, 12),
(62, '2023-02-09', 'lorem client 4, matériel 39', 39, 4),
(63, '2023-02-09', 'lorem client 18, matériel 43', 43, 18),
(64, '2023-02-09', 'lorem client 20, matériel 44', 44, 20),
(65, '2023-02-09', 'lorem client 15, matériel 47', 47, 15),
(66, '2023-02-09', 'lorem client 1, matériel 50', 50, 1),
(67, '2023-02-09', 'lorem client 8, matériel 54', 54, 8),
(68, '2023-02-09', 'lorem client 19, matériel 55', 55, 19),
(69, '2023-02-09', 'lorem client 11, matériel 57', 57, 11),
(70, '2023-02-09', 'lorem client 13, matériel 58', 58, 13),
(71, '2023-02-09', 'lorem client 18, matériel 60', 60, 18),
(72, '2023-02-09', 'lorem client 6, matériel 63', 63, 6),
(73, '2023-02-09', 'lorem client 15, matériel 65', 65, 15),
(74, '2023-02-09', 'lorem client 9, matériel 68', 68, 9),
(75, '2023-02-09', 'lorem client 19, matériel 72', 72, 19),
(76, '2023-02-09', 'lorem client 9, matériel 86', 86, 9),
(77, '2023-02-09', 'lorem client 12, matériel 90', 90, 12),
(78, '2023-02-09', 'lorem client 2, matériel 94', 94, 2),
(79, '2023-02-09', 'lorem client 2, matériel 3', 3, 2),
(80, '2023-02-09', 'lorem client 3, matériel 4', 4, 3),
(81, '2023-02-09', 'lorem client 10, matériel 7', 7, 10),
(82, '2023-02-09', 'lorem client 5, matériel 18', 18, 5),
(83, '2023-02-09', 'lorem client 3, matériel 19', 19, 3),
(84, '2023-02-09', 'lorem client 18, matériel 25', 25, 18),
(85, '2023-02-09', 'lorem client 20, matériel 28', 28, 20),
(86, '2023-02-09', 'lorem client 10, matériel 31', 31, 10),
(87, '2023-02-09', 'lorem client 5, matériel 32', 32, 5),
(88, '2023-02-09', 'lorem client 7, matériel 35', 35, 7),
(89, '2023-02-09', 'lorem client 13, matériel 37', 37, 13),
(90, '2023-02-09', 'lorem client 18, matériel 42', 42, 18),
(91, '2023-02-09', 'lorem client 10, matériel 45', 45, 10),
(92, '2023-02-09', 'lorem client 13, matériel 48', 48, 13),
(93, '2023-02-09', 'lorem client 7, matériel 53', 53, 7),
(94, '2023-02-09', 'lorem client 8, matériel 77', 77, 8),
(95, '2023-02-09', 'lorem client 7, matériel 79', 79, 7),
(96, '2023-02-09', 'lorem client 2, matériel 81', 81, 2),
(97, '2023-02-09', 'lorem client 13, matériel 83', 83, 13),
(98, '2023-02-09', 'lorem client 6, matériel 93', 93, 6),
(99, '2023-02-09', 'lorem client 2, matériel 97', 97, 2),
(100, '2023-02-09', 'lorem client 13, matériel 100', 100, 13),
(101, '2023-02-09', 'lorem client 18, matériel 5', 5, 18),
(102, '2023-02-09', 'lorem client 19, matériel 8', 8, 19),
(103, '2023-02-09', 'lorem client 16, matériel 9', 9, 16),
(104, '2023-02-09', 'lorem client 4, matériel 10', 10, 4),
(105, '2023-02-09', 'lorem client 8, matériel 17', 17, 8),
(106, '2023-02-09', 'lorem client 2, matériel 22', 22, 2),
(107, '2023-02-09', 'lorem client 1, matériel 26', 26, 1),
(108, '2023-02-09', 'lorem client 19, matériel 41', 41, 19),
(109, '2023-02-09', 'lorem client 16, matériel 49', 49, 16),
(110, '2023-02-09', 'lorem client 14, matériel 59', 59, 14),
(111, '2023-02-09', 'lorem client 14, matériel 67', 67, 14),
(112, '2023-02-09', 'lorem client 19, matériel 70', 70, 19),
(113, '2023-02-09', 'lorem client 13, matériel 80', 80, 13),
(114, '2023-02-09', 'lorem client 2, matériel 84', 84, 2),
(115, '2023-02-09', 'lorem client 5, matériel 85', 85, 5),
(116, '2023-02-09', 'lorem client 7, matériel 92', 92, 7),
(117, '2023-02-09', 'lorem client 12, matériel 12', 12, 12),
(118, '2023-02-09', 'lorem client 17, matériel 13', 13, 17),
(119, '2023-02-09', 'lorem client 20, matériel 16', 16, 20),
(120, '2023-02-09', 'lorem client 16, matériel 24', 24, 16),
(121, '2023-02-09', 'lorem client 6, matériel 29', 29, 6),
(122, '2023-02-09', 'lorem client 9, matériel 36', 36, 9),
(123, '2023-02-09', 'lorem client 16, matériel 38', 38, 16),
(124, '2023-02-09', 'lorem client 12, matériel 40', 40, 12),
(125, '2023-02-09', 'lorem client 20, matériel 46', 46, 20),
(126, '2023-02-09', 'lorem client 8, matériel 51', 51, 8),
(127, '2023-02-09', 'lorem client 11, matériel 56', 56, 11),
(128, '2023-02-09', 'lorem client 16, matériel 62', 62, 16),
(129, '2023-02-09', 'lorem client 2, matériel 75', 75, 2),
(130, '2023-02-09', 'lorem client 8, matériel 98', 98, 8),
(131, '2023-02-09', 'lorem client 11, matériel 6', 6, 11),
(132, '2023-02-09', 'lorem client 11, matériel 21', 21, 11),
(133, '2023-02-09', 'lorem client 18, matériel 23', 23, 18),
(134, '2023-02-09', 'lorem client 2, matériel 27', 27, 2),
(135, '2023-02-09', 'lorem client 1, matériel 52', 52, 1),
(136, '2023-02-09', 'lorem client 11, matériel 61', 61, 11),
(137, '2023-02-09', 'lorem client 3, matériel 64', 64, 3),
(138, '2023-02-09', 'lorem client 17, matériel 66', 66, 17),
(139, '2023-02-09', 'lorem client 8, matériel 69', 69, 8),
(140, '2023-02-09', 'lorem client 5, matériel 71', 71, 5),
(141, '2023-02-09', 'lorem client 16, matériel 74', 74, 16),
(142, '2023-02-09', 'lorem client 11, matériel 89', 89, 11),
(143, '2023-02-09', 'lorem client 3, matériel 96', 96, 3),
(144, '2023-02-09', 'lorem client 13, matériel 1', 1, 13),
(145, '2023-02-09', 'lorem client 20, matériel 11', 11, 20),
(146, '2023-02-09', 'lorem client 19, matériel 14', 14, 19),
(147, '2023-02-09', 'lorem client 8, matériel 20', 20, 8),
(148, '2023-02-09', 'lorem client 16, matériel 30', 30, 16),
(149, '2023-02-09', 'lorem client 20, matériel 73', 73, 20),
(150, '2023-02-09', 'lorem client 12, matériel 76', 76, 12),
(151, '2023-02-09', 'lorem client 11, matériel 78', 78, 11),
(152, '2023-02-09', 'lorem client 16, matériel 82', 82, 16),
(153, '2023-02-09', 'lorem client 4, matériel 87', 87, 4),
(154, '2023-02-09', 'lorem client 13, matériel 88', 88, 13),
(155, '2023-02-09', 'lorem client 4, matériel 91', 91, 4),
(156, '2023-02-09', 'lorem client 4, matériel 95', 95, 4),
(157, '2023-02-09', 'lorem client 4, matériel 99', 99, 4),
(158, '2023-02-09', 'lorem client 7, matériel 2', 2, 7),
(159, '2023-02-09', 'lorem client 3, matériel 15', 15, 3),
(160, '2023-02-09', 'lorem client 12, matériel 33', 33, 12),
(161, '2023-02-09', 'lorem client 12, matériel 34', 34, 12),
(162, '2023-02-09', 'lorem client 4, matériel 39', 39, 4),
(163, '2023-02-09', 'lorem client 18, matériel 43', 43, 18),
(164, '2023-02-09', 'lorem client 20, matériel 44', 44, 20),
(165, '2023-02-09', 'lorem client 15, matériel 47', 47, 15),
(166, '2023-02-09', 'lorem client 1, matériel 50', 50, 1),
(167, '2023-02-09', 'lorem client 8, matériel 54', 54, 8),
(168, '2023-02-09', 'lorem client 19, matériel 55', 55, 19),
(169, '2023-02-09', 'lorem client 11, matériel 57', 57, 11),
(170, '2023-02-09', 'lorem client 13, matériel 58', 58, 13),
(171, '2023-02-09', 'lorem client 18, matériel 60', 60, 18),
(172, '2023-02-09', 'lorem client 6, matériel 63', 63, 6),
(173, '2023-02-09', 'lorem client 15, matériel 65', 65, 15),
(174, '2023-02-09', 'lorem client 9, matériel 68', 68, 9),
(175, '2023-02-09', 'lorem client 19, matériel 72', 72, 19),
(176, '2023-02-09', 'lorem client 9, matériel 86', 86, 9),
(177, '2023-02-09', 'lorem client 12, matériel 90', 90, 12),
(178, '2023-02-09', 'lorem client 2, matériel 94', 94, 2),
(179, '2023-02-09', 'lorem client 2, matériel 3', 3, 2),
(180, '2023-02-09', 'lorem client 3, matériel 4', 4, 3),
(181, '2023-02-09', 'lorem client 10, matériel 7', 7, 10),
(182, '2023-02-09', 'lorem client 5, matériel 18', 18, 5),
(183, '2023-02-09', 'lorem client 3, matériel 19', 19, 3),
(184, '2023-02-09', 'lorem client 18, matériel 25', 25, 18),
(185, '2023-02-09', 'lorem client 20, matériel 28', 28, 20),
(186, '2023-02-09', 'lorem client 10, matériel 31', 31, 10),
(187, '2023-02-09', 'lorem client 5, matériel 32', 32, 5),
(188, '2023-02-09', 'lorem client 7, matériel 35', 35, 7),
(189, '2023-02-09', 'lorem client 13, matériel 37', 37, 13),
(190, '2023-02-09', 'lorem client 18, matériel 42', 42, 18),
(191, '2023-02-09', 'lorem client 10, matériel 45', 45, 10),
(192, '2023-02-09', 'lorem client 13, matériel 48', 48, 13),
(193, '2023-02-09', 'lorem client 7, matériel 53', 53, 7),
(194, '2023-02-09', 'lorem client 8, matériel 77', 77, 8),
(195, '2023-02-09', 'lorem client 7, matériel 79', 79, 7),
(196, '2023-02-09', 'lorem client 2, matériel 81', 81, 2),
(197, '2023-02-09', 'lorem client 13, matériel 83', 83, 13),
(198, '2023-02-09', 'lorem client 6, matériel 93', 93, 6),
(199, '2023-02-09', 'lorem client 2, matériel 97', 97, 2),
(200, '2023-02-09', 'lorem client 13, matériel 100', 100, 13),
(201, '2023-02-09', 'lorem client 1, matériel null', NULL, 1),
(202, '2023-02-09', 'lorem client 2, matériel null', NULL, 2),
(203, '2023-02-09', 'lorem client 3, matériel null', NULL, 3),
(204, '2023-02-09', 'lorem client 4, matériel null', NULL, 4),
(205, '2023-02-09', 'lorem client 5, matériel null', NULL, 5),
(206, '2023-02-09', 'lorem client 6, matériel null', NULL, 6),
(207, '2023-02-09', 'lorem client 7, matériel null', NULL, 7),
(208, '2023-02-09', 'lorem client 8, matériel null', NULL, 8),
(209, '2023-02-09', 'lorem client 9, matériel null', NULL, 9),
(210, '2023-02-09', 'lorem client 10, matériel null', NULL, 10),
(211, '2023-02-09', 'lorem client 11, matériel null', NULL, 11),
(212, '2023-02-09', 'lorem client 12, matériel null', NULL, 12),
(213, '2023-02-09', 'lorem client 13, matériel null', NULL, 13),
(214, '2023-02-09', 'lorem client 14, matériel null', NULL, 14),
(215, '2023-02-09', 'lorem client 15, matériel null', NULL, 15),
(216, '2023-02-09', 'lorem client 16, matériel null', NULL, 16),
(217, '2023-02-09', 'lorem client 17, matériel null', NULL, 17),
(218, '2023-02-09', 'lorem client 18, matériel null', NULL, 18),
(219, '2023-02-09', 'lorem client 19, matériel null', NULL, 19),
(220, '2023-02-09', 'lorem client 20, matériel null', NULL, 20),
(221, '2023-02-09', 'lorem client 1, matériel null', NULL, 1),
(222, '2023-02-09', 'lorem client 2, matériel null', NULL, 2),
(223, '2023-02-09', 'lorem client 3, matériel null', NULL, 3),
(224, '2023-02-09', 'lorem client 4, matériel null', NULL, 4),
(225, '2023-02-09', 'lorem client 5, matériel null', NULL, 5),
(226, '2023-02-09', 'lorem client 6, matériel null', NULL, 6),
(227, '2023-02-09', 'lorem client 7, matériel null', NULL, 7),
(228, '2023-02-09', 'lorem client 8, matériel null', NULL, 8),
(229, '2023-02-09', 'lorem client 9, matériel null', NULL, 9),
(230, '2023-02-09', 'lorem client 10, matériel null', NULL, 10),
(231, '2023-02-09', 'lorem client 11, matériel null', NULL, 11),
(232, '2023-02-09', 'lorem client 12, matériel null', NULL, 12),
(233, '2023-02-09', 'lorem client 13, matériel null', NULL, 13),
(234, '2023-02-09', 'lorem client 14, matériel null', NULL, 14),
(235, '2023-02-09', 'lorem client 15, matériel null', NULL, 15),
(236, '2023-02-09', 'lorem client 16, matériel null', NULL, 16),
(237, '2023-02-09', 'lorem client 17, matériel null', NULL, 17),
(238, '2023-02-09', 'lorem client 18, matériel null', NULL, 18),
(239, '2023-02-09', 'lorem client 19, matériel null', NULL, 19),
(240, '2023-02-09', 'lorem client 20, matériel null', NULL, 20);

-- --------------------------------------------------------

--
-- Structure de la table `type`
--

CREATE TABLE `type` (
  `id_type` int NOT NULL,
  `libelle` varchar(255) NOT NULL
) ENGINE=InnoDB DEFAULT CHARSET=utf8mb4 COLLATE=utf8mb4_0900_ai_ci;

--
-- Déchargement des données de la table `type`
--

INSERT INTO `type` (`id_type`, `libelle`) VALUES
(1, 'PC portable'),
(2, 'PC fixe'),
(3, 'Imprimante'),
(4, 'Serveur'),
(5, 'Ecran');

-- --------------------------------------------------------

--
-- Structure de la table `utiliser`
--

CREATE TABLE `utiliser` (
  `id_piece` int NOT NULL,
  `id_intervention` int NOT NULL
) ENGINE=InnoDB DEFAULT CHARSET=utf8mb4 COLLATE=utf8mb4_0900_ai_ci;

--
-- Index pour les tables déchargées
--

--
-- Index pour la table `client`
--
ALTER TABLE `client`
  ADD PRIMARY KEY (`id_client`);

--
-- Index pour la table `intervention`
--
ALTER TABLE `intervention`
  ADD PRIMARY KEY (`id_intervention`),
  ADD KEY `intervention_ticket_FK` (`id_ticket`),
  ADD KEY `intervention_technicien0_FK` (`id_technicien`),
  ADD KEY `intervention_statut1_FK` (`id_statut`);

--
-- Index pour la table `marque`
--
ALTER TABLE `marque`
  ADD PRIMARY KEY (`id_marque`);

--
-- Index pour la table `materiel`
--
ALTER TABLE `materiel`
  ADD PRIMARY KEY (`id_materiel`),
  ADD KEY `materiel_marque_FK` (`id_marque`),
  ADD KEY `materiel_type0_FK` (`id_type`),
  ADD KEY `materiel_client1_FK` (`id_client`);

--
-- Index pour la table `piece`
--
ALTER TABLE `piece`
  ADD PRIMARY KEY (`id_piece`);

--
-- Index pour la table `statut`
--
ALTER TABLE `statut`
  ADD PRIMARY KEY (`id_statut`);

--
-- Index pour la table `technicien`
--
ALTER TABLE `technicien`
  ADD PRIMARY KEY (`id_technicien`);

--
-- Index pour la table `ticket`
--
ALTER TABLE `ticket`
  ADD PRIMARY KEY (`id_ticket`),
  ADD KEY `ticket_materiel_FK` (`id_materiel`),
  ADD KEY `ticket_client0_FK` (`id_client`);

--
-- Index pour la table `type`
--
ALTER TABLE `type`
  ADD PRIMARY KEY (`id_type`);

--
-- Index pour la table `utiliser`
--
ALTER TABLE `utiliser`
  ADD PRIMARY KEY (`id_piece`,`id_intervention`),
  ADD KEY `utiliser_intervention0_FK` (`id_intervention`);

--
-- AUTO_INCREMENT pour les tables déchargées
--

--
-- AUTO_INCREMENT pour la table `client`
--
ALTER TABLE `client`
  MODIFY `id_client` int NOT NULL AUTO_INCREMENT, AUTO_INCREMENT=21;

--
-- AUTO_INCREMENT pour la table `intervention`
--
ALTER TABLE `intervention`
  MODIFY `id_intervention` int NOT NULL AUTO_INCREMENT, AUTO_INCREMENT=1402;

--
-- AUTO_INCREMENT pour la table `marque`
--
ALTER TABLE `marque`
  MODIFY `id_marque` int NOT NULL AUTO_INCREMENT, AUTO_INCREMENT=7;

--
-- AUTO_INCREMENT pour la table `materiel`
--
ALTER TABLE `materiel`
  MODIFY `id_materiel` int NOT NULL AUTO_INCREMENT, AUTO_INCREMENT=101;

--
-- AUTO_INCREMENT pour la table `piece`
--
ALTER TABLE `piece`
  MODIFY `id_piece` int NOT NULL AUTO_INCREMENT, AUTO_INCREMENT=11;

--
-- AUTO_INCREMENT pour la table `statut`
--
ALTER TABLE `statut`
  MODIFY `id_statut` int NOT NULL AUTO_INCREMENT, AUTO_INCREMENT=3;

--
-- AUTO_INCREMENT pour la table `technicien`
--
ALTER TABLE `technicien`
  MODIFY `id_technicien` int NOT NULL AUTO_INCREMENT, AUTO_INCREMENT=6;

--
-- AUTO_INCREMENT pour la table `ticket`
--
ALTER TABLE `ticket`
  MODIFY `id_ticket` int NOT NULL AUTO_INCREMENT, AUTO_INCREMENT=241;

--
-- AUTO_INCREMENT pour la table `type`
--
ALTER TABLE `type`
  MODIFY `id_type` int NOT NULL AUTO_INCREMENT, AUTO_INCREMENT=6;

--
-- Contraintes pour les tables déchargées
--

--
-- Contraintes pour la table `intervention`
--
ALTER TABLE `intervention`
  ADD CONSTRAINT `intervention_statut1_FK` FOREIGN KEY (`id_statut`) REFERENCES `statut` (`id_statut`),
  ADD CONSTRAINT `intervention_technicien0_FK` FOREIGN KEY (`id_technicien`) REFERENCES `technicien` (`id_technicien`),
  ADD CONSTRAINT `intervention_ticket_FK` FOREIGN KEY (`id_ticket`) REFERENCES `ticket` (`id_ticket`);

--
-- Contraintes pour la table `materiel`
--
ALTER TABLE `materiel`
  ADD CONSTRAINT `materiel_client1_FK` FOREIGN KEY (`id_client`) REFERENCES `client` (`id_client`),
  ADD CONSTRAINT `materiel_marque_FK` FOREIGN KEY (`id_marque`) REFERENCES `marque` (`id_marque`),
  ADD CONSTRAINT `materiel_type0_FK` FOREIGN KEY (`id_type`) REFERENCES `type` (`id_type`);

--
-- Contraintes pour la table `ticket`
--
ALTER TABLE `ticket`
  ADD CONSTRAINT `ticket_client0_FK` FOREIGN KEY (`id_client`) REFERENCES `client` (`id_client`),
  ADD CONSTRAINT `ticket_materiel_FK` FOREIGN KEY (`id_materiel`) REFERENCES `materiel` (`id_materiel`);

--
-- Contraintes pour la table `utiliser`
--
ALTER TABLE `utiliser`
  ADD CONSTRAINT `utiliser_intervention0_FK` FOREIGN KEY (`id_intervention`) REFERENCES `intervention` (`id_intervention`),
  ADD CONSTRAINT `utiliser_piece_FK` FOREIGN KEY (`id_piece`) REFERENCES `piece` (`id_piece`);
COMMIT;

/*!40101 SET CHARACTER_SET_CLIENT=@OLD_CHARACTER_SET_CLIENT */;
/*!40101 SET CHARACTER_SET_RESULTS=@OLD_CHARACTER_SET_RESULTS */;
/*!40101 SET COLLATION_CONNECTION=@OLD_COLLATION_CONNECTION */;
