-- phpMyAdmin SQL Dump
-- version 5.1.3
-- https://www.phpmyadmin.net/
--
-- Hôte : localhost
-- Généré le : jeu. 09 fév. 2023 à 22:50
-- Version du serveur : 8.0.27
-- Version de PHP : 8.1.0

SET SQL_MODE = "NO_AUTO_VALUE_ON_ZERO";
START TRANSACTION;
SET time_zone = "+00:00";


/*!40101 SET @OLD_CHARACTER_SET_CLIENT=@@CHARACTER_SET_CLIENT */;
/*!40101 SET @OLD_CHARACTER_SET_RESULTS=@@CHARACTER_SET_RESULTS */;
/*!40101 SET @OLD_COLLATION_CONNECTION=@@COLLATION_CONNECTION */;
/*!40101 SET NAMES utf8mb4 */;

--
-- Base de données : `gestion_atelier`
--

DELIMITER $$
--
-- Procédures
--
CREATE DEFINER=`toto`@`localhost` PROCEDURE `insert_interventions_by_ticket_technicien_statut` (IN `id_tick` INT, IN `id_technicien` INT, IN `id_statut` INT)   BEGIN
DECLARE date_tick DATE;
SELECT dateCreation INTO date_tick FROM ticket WHERE id_ticket=id_tick;
INSERT INTO intervention VALUES (
    NULL,
    DATE_ADD(date_tick, INTERVAL FLOOR(RAND()*30) DAY),
    'lorem',
    30+FLOOR(RAND()*30),
    id_tick,
    id_technicien,
    id_statut);
END$$

CREATE DEFINER=`toto`@`localhost` PROCEDURE `insert_ticket_by_client` (IN `id_cli` INT)   BEGIN


    
INSERT INTO ticket VALUES (NULL,DATE_ADD('2022-01-01', INTERVAL FLOOR(RAND()*365) DAY),CONCAT("lorem client ",id_cli,", matériel null"),NULL,id_cli);
    SELECT id_cli;
END$$

CREATE DEFINER=`toto`@`localhost` PROCEDURE `insert_ticket_by_materiel` (IN `id_mat` INT)   BEGIN
DECLARE id_cli INT;

    SELECT materiel.id_client INTO id_cli FROM materiel WHERE id_materiel=id_mat;
INSERT INTO ticket VALUES (NULL,DATE_ADD('2022-01-01', INTERVAL FLOOR(RAND()*365) DAY),CONCAT("lorem client ",id_cli,", matériel ", id_mat),id_mat,id_cli);
    SELECT id_cli;
END$$

CREATE DEFINER=`toto`@`localhost` PROCEDURE `nb_intervention_moyen_ticket_cloture` ()   BEGIN
SELECT AVG(nbinter) 
FROM 
(SELECT COUNT(intervention.id_intervention) as nbinter 
 FROM ticket
JOIN intervention ON ticket.id_ticket=intervention.id_ticket
GROUP BY ticket.id_ticket) sub;

END$$

CREATE DEFINER=`toto`@`localhost` PROCEDURE `select_materiel_by_id_client` (`id_cli` INT)   BEGIN
SELECT * FROM materiel WHERE id_client=id_cli;
END$$

CREATE DEFINER=`toto`@`localhost` PROCEDURE `select_moyenne_temps_inter_cloture` ()   BEGIN
SELECT AVG(intervention.tempsPasse) FROM ticket
JOIN intervention ON ticket.id_ticket=intervention.id_ticket
JOIN statut ON intervention.id_statut=statut.id_statut
WHERE EXISTS
	(SELECT intervention.id_intervention FROM intervention
    WHERE intervention.id_ticket=ticket.id_ticket
     AND intervention.id_statut=2
    );

END$$

CREATE DEFINER=`toto`@`localhost` PROCEDURE `total_duree_ticket` (IN `id_tick` INT)   BEGIN
SELECT SUM(intervention.tempsPasse) FROM `ticket`
JOIN intervention ON ticket.id_ticket=intervention.id_ticket
WHERE ticket.id_ticket=id_tick;

END$$

DELIMITER ;

-- --------------------------------------------------------

--
-- Structure de la table `client`
--

CREATE TABLE `client` (
  `id_client` int NOT NULL,
  `raisonSociale` varchar(255) NOT NULL
) ENGINE=InnoDB DEFAULT CHARSET=utf8mb4 COLLATE=utf8mb4_0900_ai_ci;

--
-- Déchargement des données de la table `client`
--

INSERT INTO `client` (`id_client`, `raisonSociale`) VALUES
(1, 'Volkman Inc'),
(2, 'Swaniawski Inc'),
(3, 'Ratke Inc'),
(4, 'Krajcik-O\'Connell'),
(5, 'Kutch and Sons'),
(6, 'Jast, Schroeder and Hoppe'),
(7, 'Walker-Rolfson'),
(8, 'Barton, Stehr and Kuvalis'),
(9, 'Rogahn LLC'),
(10, 'Bartell-Jakubowski'),
(11, 'Reichert, Becker and Daniel'),
(12, 'Wyman LLC'),
(13, 'Wilderman-Pfannerstill'),
(14, 'Legros-Gerlach'),
(15, 'Rowe-Wunsch'),
(16, 'Vandervort, Denesik and Braun'),
(17, 'Carroll-Donnelly'),
(18, 'Kovacek-Toy'),
(19, 'Lowe, Goldner and Rempel'),
(20, 'Gusikowski, Kling and Hills');

-- --------------------------------------------------------

--
-- Structure de la table `intervention`
--

CREATE TABLE `intervention` (
  `id_intervention` int NOT NULL,
  `dateIntervention` date NOT NULL,
  `actionEffectuee` longtext NOT NULL,
  `tempsPasse` int NOT NULL,
  `id_ticket` int NOT NULL,
  `id_technicien` int NOT NULL,
  `id_statut` int NOT NULL
) ENGINE=InnoDB DEFAULT CHARSET=utf8mb4 COLLATE=utf8mb4_0900_ai_ci;

--
-- Déchargement des données de la table `intervention`
--

INSERT INTO `intervention` (`id_intervention`, `dateIntervention`, `actionEffectuee`, `tempsPasse`, `id_ticket`, `id_technicien`, `id_statut`) VALUES
(1, '2022-09-18', 'lorem', 52, 87, 2, 2),
(2, '2022-08-07', 'lorem', 37, 88, 3, 2),
(3, '2022-08-07', 'lorem', 56, 89, 5, 2),
(4, '2022-04-13', 'lorem', 45, 90, 5, 1),
(5, '2022-03-20', 'lorem', 47, 90, 3, 2),
(6, '2022-06-19', 'lorem', 49, 91, 3, 1),
(7, '2022-06-12', 'lorem', 37, 91, 1, 2),
(8, '2022-05-12', 'lorem', 33, 92, 2, 2),
(9, '2022-07-02', 'lorem', 49, 93, 4, 1),
(10, '2022-06-24', 'lorem', 46, 93, 4, 2),
(11, '2022-05-24', 'lorem', 42, 94, 4, 2),
(12, '2022-06-19', 'lorem', 37, 95, 4, 2),
(13, '2023-01-15', 'lorem', 30, 155, 4, 2),
(14, '2022-12-16', 'lorem', 51, 156, 4, 1),
(15, '2022-12-23', 'lorem', 52, 156, 2, 1),
(16, '2022-09-29', 'lorem', 51, 157, 4, 2),
(17, '2022-10-07', 'lorem', 50, 309, 5, 1),
(18, '2022-10-14', 'lorem', 55, 309, 5, 1),
(19, '2022-10-17', 'lorem', 56, 309, 5, 2),
(20, '2022-08-07', 'lorem', 56, 310, 4, 1),
(21, '2022-07-27', 'lorem', 56, 310, 3, 1),
(22, '2022-08-02', 'lorem', 56, 310, 5, 2),
(23, '2022-08-14', 'lorem', 49, 311, 3, 2),
(24, '2022-03-04', 'lorem', 35, 312, 5, 1),
(25, '2022-02-16', 'lorem', 56, 312, 3, 1),
(26, '2022-02-19', 'lorem', 35, 312, 1, 2),
(27, '2022-12-30', 'lorem', 52, 313, 3, 2),
(28, '2022-06-13', 'lorem', 43, 314, 1, 1),
(29, '2022-06-08', 'lorem', 46, 314, 1, 2),
(30, '2022-04-04', 'lorem', 50, 315, 5, 2),
(31, '2022-12-16', 'lorem', 58, 316, 2, 2),
(32, '2022-12-05', 'lorem', 53, 317, 1, 2),
(33, '2022-07-21', 'lorem', 49, 318, 1, 1),
(34, '2022-08-01', 'lorem', 58, 318, 1, 2),
(35, '2022-11-14', 'lorem', 37, 96, 5, 2),
(36, '2022-03-13', 'lorem', 41, 97, 2, 2),
(37, '2022-04-22', 'lorem', 52, 98, 2, 1),
(38, '2022-04-24', 'lorem', 59, 98, 1, 1),
(39, '2022-04-20', 'lorem', 51, 98, 5, 1),
(40, '2022-04-21', 'lorem', 49, 98, 4, 2),
(41, '2022-12-26', 'lorem', 30, 99, 5, 2),
(42, '2022-10-13', 'lorem', 37, 100, 3, 2),
(43, '2022-11-28', 'lorem', 44, 101, 3, 1),
(44, '2022-12-13', 'lorem', 39, 101, 1, 2),
(45, '2022-04-09', 'lorem', 43, 102, 2, 1),
(46, '2022-04-12', 'lorem', 47, 102, 1, 1),
(47, '2022-04-26', 'lorem', 41, 102, 5, 2),
(48, '2022-08-11', 'lorem', 31, 103, 4, 2),
(49, '2022-03-14', 'lorem', 35, 104, 2, 1),
(50, '2022-02-27', 'lorem', 34, 104, 3, 1),
(51, '2022-03-10', 'lorem', 33, 104, 4, 2),
(52, '2022-11-16', 'lorem', 51, 233, 2, 2),
(53, '2022-06-18', 'lorem', 44, 234, 1, 2),
(54, '2022-05-31', 'lorem', 57, 281, 3, 2),
(55, '2022-05-30', 'lorem', 57, 282, 4, 2),
(56, '2022-11-24', 'lorem', 32, 283, 5, 1),
(57, '2022-12-17', 'lorem', 38, 283, 5, 2),
(58, '2022-04-11', 'lorem', 43, 284, 4, 2),
(59, '2022-06-25', 'lorem', 40, 285, 2, 2),
(60, '2022-08-28', 'lorem', 40, 286, 4, 2),
(61, '2022-09-14', 'lorem', 38, 287, 5, 2),
(62, '2022-06-25', 'lorem', 42, 288, 4, 2),
(63, '2022-05-02', 'lorem', 47, 289, 4, 1),
(64, '2022-04-28', 'lorem', 42, 289, 5, 2),
(65, '2022-11-07', 'lorem', 38, 294, 4, 1),
(66, '2022-11-06', 'lorem', 44, 294, 1, 2),
(67, '2022-12-20', 'lorem', 57, 295, 4, 1),
(68, '2023-01-05', 'lorem', 37, 295, 4, 2),
(69, '2022-04-08', 'lorem', 43, 296, 3, 1),
(70, '2022-04-04', 'lorem', 36, 296, 5, 1),
(71, '2022-04-09', 'lorem', 54, 296, 3, 2),
(72, '2022-03-09', 'lorem', 45, 297, 3, 2),
(73, '2022-03-21', 'lorem', 48, 298, 4, 1),
(74, '2022-03-31', 'lorem', 33, 298, 3, 1),
(75, '2022-03-13', 'lorem', 49, 298, 1, 2),
(76, '2022-06-30', 'lorem', 31, 299, 5, 1),
(77, '2022-06-28', 'lorem', 43, 299, 4, 1),
(78, '2022-07-04', 'lorem', 35, 299, 5, 1),
(79, '2022-07-05', 'lorem', 35, 299, 5, 1),
(80, '2022-07-03', 'lorem', 56, 299, 4, 1),
(81, '2022-09-18', 'lorem', 34, 300, 2, 2),
(82, '2022-02-24', 'lorem', 33, 301, 2, 1),
(83, '2022-02-14', 'lorem', 46, 301, 3, 2),
(84, '2022-03-02', 'lorem', 48, 319, 2, 1),
(85, '2022-02-12', 'lorem', 42, 319, 2, 2),
(86, '2023-01-14', 'lorem', 42, 320, 1, 2),
(87, '2022-06-28', 'lorem', 59, 321, 5, 2),
(88, '2022-06-26', 'lorem', 31, 322, 2, 2),
(89, '2022-12-24', 'lorem', 58, 323, 5, 1),
(90, '2023-01-02', 'lorem', 51, 323, 1, 1),
(91, '2022-12-29', 'lorem', 54, 323, 1, 1),
(92, '2022-12-29', 'lorem', 41, 323, 5, 2),
(93, '2022-04-17', 'lorem', 57, 324, 1, 1),
(94, '2022-04-22', 'lorem', 34, 324, 4, 1),
(95, '2022-04-11', 'lorem', 49, 324, 3, 2),
(96, '2022-06-05', 'lorem', 36, 325, 1, 2),
(97, '2022-07-23', 'lorem', 54, 49, 4, 1),
(98, '2022-07-12', 'lorem', 30, 49, 5, 2),
(99, '2023-01-13', 'lorem', 47, 50, 2, 2),
(100, '2022-07-14', 'lorem', 31, 51, 5, 2),
(101, '2022-07-25', 'lorem', 58, 52, 5, 2),
(102, '2022-03-25', 'lorem', 50, 53, 2, 2),
(103, '2022-06-20', 'lorem', 46, 54, 3, 2),
(104, '2022-09-03', 'lorem', 43, 55, 4, 1),
(105, '2022-09-20', 'lorem', 47, 55, 3, 2),
(106, '2022-11-24', 'lorem', 34, 56, 3, 1),
(107, '2022-11-17', 'lorem', 40, 56, 5, 1),
(108, '2022-08-16', 'lorem', 44, 68, 2, 1),
(109, '2022-08-28', 'lorem', 31, 68, 4, 1),
(110, '2022-08-19', 'lorem', 56, 68, 1, 2),
(111, '2022-06-26', 'lorem', 31, 69, 5, 2),
(112, '2022-07-03', 'lorem', 59, 70, 1, 1),
(113, '2022-07-14', 'lorem', 59, 70, 1, 1),
(114, '2022-07-13', 'lorem', 55, 70, 3, 1),
(115, '2022-06-28', 'lorem', 48, 70, 3, 1),
(116, '2022-07-08', 'lorem', 30, 70, 2, 2),
(117, '2023-01-02', 'lorem', 50, 71, 1, 2),
(118, '2022-05-18', 'lorem', 50, 72, 4, 1),
(119, '2022-06-11', 'lorem', 50, 72, 4, 2),
(120, '2023-01-17', 'lorem', 33, 73, 2, 1),
(121, '2023-01-18', 'lorem', 59, 73, 4, 1),
(122, '2023-01-26', 'lorem', 53, 73, 5, 1),
(123, '2023-01-01', 'lorem', 34, 73, 2, 2),
(124, '2022-11-24', 'lorem', 43, 74, 4, 1),
(125, '2022-11-19', 'lorem', 48, 74, 2, 1),
(126, '2022-11-29', 'lorem', 53, 74, 5, 2),
(127, '2022-05-22', 'lorem', 39, 75, 5, 2),
(128, '2022-04-02', 'lorem', 35, 76, 5, 1),
(129, '2022-04-13', 'lorem', 39, 76, 3, 2),
(130, '2022-12-26', 'lorem', 52, 77, 5, 2),
(131, '2022-11-28', 'lorem', 31, 175, 1, 1),
(132, '2022-12-10', 'lorem', 33, 175, 3, 1),
(133, '2022-11-15', 'lorem', 54, 175, 5, 2),
(134, '2022-02-02', 'lorem', 45, 176, 4, 1),
(135, '2022-01-21', 'lorem', 41, 176, 3, 1),
(136, '2022-01-06', 'lorem', 40, 176, 5, 1),
(137, '2022-01-19', 'lorem', 46, 176, 2, 2),
(138, '2022-06-12', 'lorem', 44, 177, 3, 1),
(139, '2022-06-26', 'lorem', 35, 177, 1, 2),
(140, '2022-02-27', 'lorem', 57, 178, 4, 2),
(141, '2022-04-11', 'lorem', 31, 179, 4, 1),
(142, '2022-04-11', 'lorem', 47, 179, 5, 2),
(143, '2022-11-16', 'lorem', 54, 180, 3, 1),
(144, '2022-11-08', 'lorem', 57, 180, 3, 1),
(145, '2022-08-03', 'lorem', 39, 181, 2, 1),
(146, '2022-08-02', 'lorem', 55, 181, 5, 2),
(147, '2022-03-28', 'lorem', 42, 182, 2, 1),
(148, '2022-04-06', 'lorem', 36, 182, 4, 2),
(149, '2022-07-04', 'lorem', 40, 183, 2, 2),
(150, '2022-06-23', 'lorem', 57, 326, 4, 1),
(151, '2022-06-10', 'lorem', 30, 326, 4, 2),
(152, '2022-09-27', 'lorem', 41, 327, 4, 2),
(153, '2022-05-09', 'lorem', 36, 328, 4, 1),
(154, '2022-05-13', 'lorem', 43, 328, 4, 1),
(155, '2022-05-07', 'lorem', 51, 328, 2, 2),
(156, '2022-07-03', 'lorem', 48, 329, 5, 1),
(157, '2022-07-22', 'lorem', 34, 329, 5, 1),
(158, '2022-07-15', 'lorem', 37, 329, 4, 1),
(159, '2022-06-07', 'lorem', 39, 330, 4, 1),
(160, '2022-06-21', 'lorem', 46, 330, 2, 1),
(161, '2022-06-14', 'lorem', 48, 330, 1, 1),
(162, '2022-06-15', 'lorem', 46, 330, 1, 2),
(163, '2022-10-21', 'lorem', 55, 331, 2, 1),
(164, '2022-10-10', 'lorem', 32, 331, 4, 2),
(165, '2022-06-08', 'lorem', 32, 332, 2, 1),
(166, '2022-06-05', 'lorem', 46, 332, 4, 2),
(167, '2022-09-03', 'lorem', 59, 333, 4, 2),
(168, '2022-02-01', 'lorem', 52, 334, 2, 2),
(169, '2022-06-18', 'lorem', 38, 335, 1, 1),
(170, '2022-06-04', 'lorem', 44, 335, 2, 2),
(171, '2022-12-08', 'lorem', 52, 19, 3, 1),
(172, '2022-12-11', 'lorem', 48, 19, 2, 1),
(173, '2022-10-25', 'lorem', 57, 20, 3, 1),
(174, '2022-10-14', 'lorem', 35, 20, 2, 1),
(175, '2022-10-25', 'lorem', 34, 20, 5, 2),
(176, '2022-03-03', 'lorem', 36, 21, 1, 2),
(177, '2022-05-25', 'lorem', 50, 22, 4, 2),
(178, '2022-06-07', 'lorem', 36, 23, 1, 1),
(179, '2022-07-02', 'lorem', 51, 23, 3, 1),
(180, '2022-07-05', 'lorem', 54, 23, 1, 1),
(181, '2022-06-09', 'lorem', 34, 23, 1, 1),
(182, '2022-06-16', 'lorem', 41, 23, 2, 1),
(183, '2022-02-17', 'lorem', 58, 24, 2, 2),
(184, '2022-04-29', 'lorem', 41, 120, 2, 1),
(185, '2022-04-29', 'lorem', 30, 120, 3, 2),
(186, '2022-12-27', 'lorem', 52, 121, 3, 1),
(187, '2023-01-07', 'lorem', 40, 121, 3, 2),
(188, '2022-12-05', 'lorem', 45, 122, 5, 2),
(189, '2022-07-19', 'lorem', 48, 123, 2, 1),
(190, '2022-07-20', 'lorem', 41, 123, 3, 2),
(191, '2022-02-17', 'lorem', 49, 124, 4, 2),
(192, '2022-10-15', 'lorem', 49, 125, 2, 2),
(193, '2022-03-30', 'lorem', 51, 244, 5, 2),
(194, '2022-05-01', 'lorem', 54, 245, 5, 1),
(195, '2022-04-05', 'lorem', 32, 245, 5, 2),
(196, '2022-09-02', 'lorem', 44, 246, 5, 2),
(197, '2022-08-15', 'lorem', 38, 247, 2, 2),
(198, '2022-10-14', 'lorem', 30, 248, 5, 2),
(199, '2022-02-05', 'lorem', 57, 249, 3, 1),
(200, '2022-02-04', 'lorem', 31, 249, 3, 2),
(201, '2022-02-19', 'lorem', 53, 250, 1, 2),
(202, '2022-06-08', 'lorem', 45, 251, 1, 2),
(203, '2022-09-12', 'lorem', 56, 252, 4, 2),
(204, '2022-02-26', 'lorem', 34, 253, 4, 1),
(205, '2022-02-24', 'lorem', 56, 253, 2, 2),
(206, '2022-01-30', 'lorem', 44, 290, 5, 1),
(207, '2022-02-03', 'lorem', 39, 290, 4, 2),
(208, '2022-05-02', 'lorem', 53, 291, 2, 1),
(209, '2022-04-30', 'lorem', 32, 291, 3, 2),
(210, '2022-05-08', 'lorem', 52, 292, 4, 1),
(211, '2022-05-13', 'lorem', 47, 292, 5, 2),
(212, '2022-10-10', 'lorem', 41, 293, 3, 1),
(213, '2022-10-10', 'lorem', 58, 293, 3, 2),
(214, '2022-11-08', 'lorem', 47, 336, 2, 2),
(215, '2022-01-24', 'lorem', 38, 337, 1, 2),
(216, '2022-08-05', 'lorem', 33, 338, 2, 1),
(217, '2022-08-13', 'lorem', 54, 338, 3, 1),
(218, '2022-08-05', 'lorem', 45, 338, 3, 1),
(219, '2022-08-13', 'lorem', 49, 338, 3, 2),
(220, '2022-09-28', 'lorem', 44, 339, 1, 1),
(221, '2022-09-19', 'lorem', 45, 339, 1, 2),
(222, '2022-10-25', 'lorem', 41, 340, 1, 1),
(223, '2022-11-05', 'lorem', 48, 340, 1, 2),
(224, '2022-12-09', 'lorem', 37, 341, 3, 2),
(225, '2022-01-26', 'lorem', 34, 342, 1, 2),
(226, '2022-06-13', 'lorem', 46, 343, 1, 1),
(227, '2022-06-20', 'lorem', 40, 343, 5, 2),
(228, '2022-06-29', 'lorem', 40, 58, 5, 2),
(229, '2022-08-05', 'lorem', 53, 59, 3, 2),
(230, '2022-08-31', 'lorem', 47, 60, 5, 1),
(231, '2022-09-12', 'lorem', 36, 60, 5, 1),
(232, '2022-09-09', 'lorem', 54, 60, 5, 2),
(233, '2022-06-09', 'lorem', 55, 61, 3, 2),
(234, '2022-04-02', 'lorem', 46, 62, 1, 1),
(235, '2022-04-25', 'lorem', 34, 62, 5, 2),
(236, '2022-12-31', 'lorem', 53, 63, 5, 2),
(237, '2022-02-10', 'lorem', 46, 64, 4, 2),
(238, '2022-06-08', 'lorem', 49, 65, 5, 2),
(239, '2022-12-18', 'lorem', 46, 66, 3, 2),
(240, '2022-07-09', 'lorem', 37, 67, 4, 2),
(241, '2022-09-02', 'lorem', 50, 235, 1, 1),
(242, '2022-09-03', 'lorem', 49, 235, 3, 2),
(243, '2022-01-26', 'lorem', 35, 236, 4, 2),
(244, '2022-01-27', 'lorem', 50, 237, 4, 2),
(245, '2022-03-04', 'lorem', 47, 238, 5, 2),
(246, '2022-09-30', 'lorem', 48, 239, 4, 2),
(247, '2022-02-08', 'lorem', 51, 240, 2, 1),
(248, '2022-01-29', 'lorem', 53, 240, 3, 1),
(249, '2022-02-12', 'lorem', 53, 240, 1, 2),
(250, '2022-02-25', 'lorem', 51, 241, 4, 1),
(251, '2022-02-24', 'lorem', 53, 241, 1, 1),
(252, '2022-03-06', 'lorem', 36, 241, 2, 2),
(253, '2022-07-13', 'lorem', 30, 242, 4, 1),
(254, '2022-06-25', 'lorem', 50, 242, 4, 1),
(255, '2022-06-26', 'lorem', 55, 242, 1, 2),
(256, '2022-01-25', 'lorem', 50, 344, 2, 2),
(257, '2022-02-03', 'lorem', 47, 345, 1, 1),
(258, '2022-02-20', 'lorem', 52, 345, 2, 1),
(259, '2022-01-27', 'lorem', 35, 345, 3, 1),
(260, '2022-02-12', 'lorem', 46, 345, 5, 1),
(261, '2022-02-20', 'lorem', 53, 345, 1, 1),
(262, '2022-02-03', 'lorem', 36, 345, 2, 2),
(263, '2022-02-26', 'lorem', 59, 346, 2, 1),
(264, '2022-03-12', 'lorem', 57, 346, 2, 1),
(265, '2022-03-20', 'lorem', 46, 346, 2, 2),
(266, '2022-07-16', 'lorem', 57, 347, 4, 1),
(267, '2022-07-21', 'lorem', 49, 347, 4, 2),
(268, '2022-03-28', 'lorem', 55, 348, 4, 2),
(269, '2022-06-24', 'lorem', 48, 349, 3, 1),
(270, '2022-06-29', 'lorem', 37, 349, 1, 1),
(271, '2022-07-16', 'lorem', 34, 349, 3, 2),
(272, '2022-09-26', 'lorem', 50, 350, 5, 1),
(273, '2022-09-27', 'lorem', 38, 350, 4, 1),
(274, '2022-09-28', 'lorem', 44, 350, 4, 1),
(275, '2022-09-26', 'lorem', 49, 350, 1, 2),
(276, '2023-01-11', 'lorem', 59, 351, 3, 2),
(277, '2022-11-13', 'lorem', 32, 352, 4, 2),
(278, '2022-08-30', 'lorem', 41, 172, 2, 1),
(279, '2022-08-25', 'lorem', 47, 172, 1, 1),
(280, '2022-09-08', 'lorem', 43, 172, 2, 2),
(281, '2022-07-10', 'lorem', 36, 173, 5, 1),
(282, '2022-07-18', 'lorem', 38, 173, 5, 2),
(283, '2022-06-27', 'lorem', 38, 174, 3, 2),
(284, '2022-10-27', 'lorem', 56, 276, 5, 2),
(285, '2022-08-13', 'lorem', 30, 277, 1, 2),
(286, '2022-04-24', 'lorem', 44, 278, 2, 2),
(287, '2022-11-05', 'lorem', 34, 279, 5, 2),
(288, '2022-03-05', 'lorem', 49, 280, 3, 2),
(289, '2022-04-01', 'lorem', 31, 353, 5, 1),
(290, '2022-03-27', 'lorem', 33, 353, 3, 1),
(291, '2022-03-19', 'lorem', 48, 353, 4, 1),
(292, '2022-03-30', 'lorem', 54, 353, 1, 2),
(293, '2022-07-28', 'lorem', 50, 354, 4, 2),
(294, '2022-02-08', 'lorem', 57, 355, 2, 1),
(295, '2022-03-04', 'lorem', 37, 355, 1, 2),
(296, '2022-11-09', 'lorem', 35, 356, 3, 2),
(297, '2022-12-19', 'lorem', 42, 357, 5, 2),
(298, '2022-03-25', 'lorem', 43, 358, 2, 1),
(299, '2022-03-09', 'lorem', 51, 358, 2, 1),
(300, '2022-03-07', 'lorem', 48, 358, 4, 2),
(301, '2022-12-16', 'lorem', 43, 359, 5, 2),
(302, '2022-04-27', 'lorem', 53, 360, 2, 2),
(303, '2022-10-19', 'lorem', 30, 361, 2, 1),
(304, '2022-10-04', 'lorem', 57, 361, 4, 2),
(305, '2022-09-21', 'lorem', 43, 362, 5, 2),
(306, '2022-09-11', 'lorem', 33, 266, 3, 2),
(307, '2022-02-17', 'lorem', 35, 267, 4, 2),
(308, '2022-06-03', 'lorem', 44, 268, 1, 2),
(309, '2022-12-01', 'lorem', 46, 269, 5, 2),
(310, '2022-01-29', 'lorem', 34, 270, 5, 2),
(311, '2022-09-29', 'lorem', 52, 271, 3, 1),
(312, '2022-10-05', 'lorem', 30, 271, 4, 1),
(313, '2022-09-23', 'lorem', 39, 271, 2, 2),
(314, '2022-04-28', 'lorem', 53, 272, 3, 2),
(315, '2022-07-10', 'lorem', 38, 273, 3, 2),
(316, '2022-07-11', 'lorem', 45, 274, 2, 1),
(317, '2022-07-14', 'lorem', 41, 274, 5, 1),
(318, '2022-07-11', 'lorem', 40, 274, 5, 1),
(319, '2022-06-17', 'lorem', 40, 274, 3, 1),
(320, '2022-07-01', 'lorem', 47, 274, 4, 1),
(321, '2022-11-12', 'lorem', 34, 275, 4, 2),
(322, '2022-04-15', 'lorem', 41, 363, 1, 1),
(323, '2022-04-05', 'lorem', 59, 363, 3, 2),
(324, '2022-03-06', 'lorem', 45, 364, 4, 1),
(325, '2022-03-15', 'lorem', 49, 364, 5, 1),
(326, '2022-03-05', 'lorem', 45, 364, 3, 2),
(327, '2022-02-05', 'lorem', 37, 365, 2, 2),
(328, '2022-10-20', 'lorem', 31, 366, 5, 1),
(329, '2022-10-01', 'lorem', 44, 366, 4, 1),
(330, '2022-10-07', 'lorem', 31, 366, 2, 1),
(331, '2022-07-28', 'lorem', 39, 367, 1, 2),
(332, '2022-06-14', 'lorem', 56, 368, 2, 2),
(333, '2022-07-11', 'lorem', 58, 369, 3, 1),
(334, '2022-07-07', 'lorem', 33, 369, 4, 2),
(335, '2022-03-14', 'lorem', 57, 370, 2, 1),
(336, '2022-03-17', 'lorem', 59, 370, 1, 1),
(337, '2022-02-19', 'lorem', 44, 370, 5, 1),
(338, '2022-02-19', 'lorem', 32, 370, 1, 1),
(339, '2022-07-18', 'lorem', 41, 158, 1, 2),
(340, '2022-09-25', 'lorem', 51, 159, 2, 1),
(341, '2022-10-04', 'lorem', 35, 159, 3, 2),
(342, '2022-11-07', 'lorem', 58, 160, 3, 2),
(343, '2022-02-20', 'lorem', 46, 161, 4, 2),
(344, '2022-11-14', 'lorem', 32, 162, 4, 1),
(345, '2022-11-10', 'lorem', 53, 162, 5, 1),
(346, '2022-12-06', 'lorem', 30, 162, 1, 2),
(347, '2022-02-18', 'lorem', 34, 163, 4, 2),
(348, '2022-12-14', 'lorem', 31, 164, 1, 2),
(349, '2022-04-24', 'lorem', 39, 165, 3, 1),
(350, '2022-04-19', 'lorem', 47, 165, 2, 2),
(351, '2022-07-31', 'lorem', 39, 166, 4, 2),
(352, '2022-12-27', 'lorem', 45, 167, 3, 1),
(353, '2023-01-08', 'lorem', 57, 167, 4, 2),
(354, '2022-06-01', 'lorem', 48, 199, 3, 2),
(355, '2022-07-16', 'lorem', 47, 200, 5, 2),
(356, '2022-06-17', 'lorem', 37, 302, 2, 2),
(357, '2022-10-13', 'lorem', 57, 303, 1, 2),
(358, '2022-05-24', 'lorem', 56, 304, 3, 1),
(359, '2022-05-09', 'lorem', 45, 304, 2, 2),
(360, '2022-08-22', 'lorem', 32, 305, 2, 1),
(361, '2022-08-14', 'lorem', 33, 305, 2, 2),
(362, '2022-11-07', 'lorem', 47, 306, 1, 1),
(363, '2022-10-24', 'lorem', 55, 306, 1, 2),
(364, '2022-06-02', 'lorem', 32, 307, 4, 2),
(365, '2022-05-04', 'lorem', 33, 308, 3, 1),
(366, '2022-04-30', 'lorem', 43, 308, 4, 2),
(367, '2022-04-19', 'lorem', 42, 371, 5, 1),
(368, '2022-04-14', 'lorem', 52, 371, 4, 1),
(369, '2022-04-19', 'lorem', 43, 371, 3, 1),
(370, '2022-04-23', 'lorem', 31, 371, 5, 2),
(371, '2022-11-20', 'lorem', 57, 372, 4, 1),
(372, '2022-12-11', 'lorem', 56, 372, 3, 1),
(373, '2022-12-02', 'lorem', 42, 372, 5, 1),
(374, '2022-11-22', 'lorem', 35, 372, 5, 2),
(375, '2022-09-04', 'lorem', 42, 373, 1, 2),
(376, '2022-05-15', 'lorem', 40, 374, 3, 1),
(377, '2022-05-23', 'lorem', 57, 374, 4, 2),
(378, '2022-08-05', 'lorem', 33, 115, 2, 2),
(379, '2022-07-26', 'lorem', 54, 116, 5, 2),
(380, '2023-01-11', 'lorem', 48, 117, 2, 1),
(381, '2023-01-04', 'lorem', 33, 117, 2, 1),
(382, '2023-01-13', 'lorem', 59, 117, 1, 1),
(383, '2022-12-27', 'lorem', 49, 117, 3, 2),
(384, '2022-03-30', 'lorem', 51, 118, 5, 1),
(385, '2022-04-07', 'lorem', 56, 118, 5, 2),
(386, '2022-03-27', 'lorem', 31, 119, 3, 2),
(387, '2022-09-13', 'lorem', 38, 190, 2, 2),
(388, '2022-05-04', 'lorem', 50, 191, 1, 1),
(389, '2022-05-09', 'lorem', 43, 191, 1, 2),
(390, '2022-09-10', 'lorem', 35, 192, 3, 1),
(391, '2022-09-15', 'lorem', 49, 192, 5, 1),
(392, '2022-04-21', 'lorem', 45, 193, 5, 1),
(393, '2022-04-15', 'lorem', 55, 193, 5, 1),
(394, '2022-04-27', 'lorem', 54, 193, 2, 1),
(395, '2022-04-13', 'lorem', 49, 193, 1, 2),
(396, '2022-04-29', 'lorem', 36, 194, 2, 2),
(397, '2022-11-15', 'lorem', 42, 195, 3, 2),
(398, '2022-06-19', 'lorem', 46, 196, 2, 1),
(399, '2022-06-18', 'lorem', 57, 196, 3, 1),
(400, '2022-05-25', 'lorem', 45, 197, 1, 2),
(401, '2022-07-21', 'lorem', 42, 198, 1, 1),
(402, '2022-06-24', 'lorem', 37, 198, 2, 2),
(403, '2022-12-27', 'lorem', 30, 243, 4, 1),
(404, '2022-12-04', 'lorem', 57, 243, 2, 1),
(405, '2022-11-30', 'lorem', 44, 243, 5, 2),
(406, '2022-01-16', 'lorem', 52, 375, 4, 2),
(407, '2022-01-14', 'lorem', 33, 376, 5, 2),
(408, '2022-02-14', 'lorem', 46, 377, 2, 1),
(409, '2022-02-20', 'lorem', 36, 377, 2, 1),
(410, '2022-02-15', 'lorem', 41, 377, 5, 1),
(411, '2022-06-04', 'lorem', 46, 378, 2, 2),
(412, '2022-08-01', 'lorem', 54, 379, 1, 2),
(413, '2022-09-04', 'lorem', 54, 380, 5, 2),
(414, '2022-06-29', 'lorem', 55, 381, 2, 1),
(415, '2022-06-29', 'lorem', 50, 381, 2, 1),
(416, '2022-07-06', 'lorem', 40, 381, 4, 1),
(417, '2022-07-25', 'lorem', 47, 381, 1, 2),
(418, '2022-08-04', 'lorem', 59, 382, 1, 1),
(419, '2022-08-13', 'lorem', 40, 382, 3, 2),
(420, '2022-06-16', 'lorem', 33, 383, 4, 2),
(421, '2022-09-08', 'lorem', 53, 10, 2, 1),
(422, '2022-09-09', 'lorem', 55, 10, 3, 2),
(423, '2022-10-23', 'lorem', 55, 11, 1, 2),
(424, '2022-11-29', 'lorem', 46, 12, 2, 1),
(425, '2022-11-15', 'lorem', 33, 12, 1, 1),
(426, '2022-11-18', 'lorem', 56, 12, 4, 1),
(427, '2022-11-09', 'lorem', 31, 12, 5, 1),
(428, '2022-12-21', 'lorem', 58, 13, 4, 2),
(429, '2023-01-10', 'lorem', 53, 14, 3, 2),
(430, '2022-05-10', 'lorem', 43, 15, 2, 2),
(431, '2022-05-29', 'lorem', 42, 16, 5, 2),
(432, '2022-05-17', 'lorem', 56, 384, 5, 1),
(433, '2022-05-26', 'lorem', 57, 384, 4, 1),
(434, '2022-06-04', 'lorem', 41, 384, 5, 2),
(435, '2022-08-08', 'lorem', 59, 385, 2, 1),
(436, '2022-09-01', 'lorem', 33, 385, 3, 1),
(437, '2022-08-11', 'lorem', 37, 385, 5, 1),
(438, '2022-09-02', 'lorem', 45, 385, 1, 1),
(439, '2022-09-06', 'lorem', 42, 385, 3, 2),
(440, '2022-11-25', 'lorem', 39, 386, 4, 2),
(441, '2022-09-03', 'lorem', 45, 387, 4, 2),
(442, '2022-08-20', 'lorem', 33, 388, 4, 2),
(443, '2022-12-12', 'lorem', 45, 389, 2, 2),
(444, '2022-11-25', 'lorem', 59, 390, 1, 2),
(445, '2022-08-02', 'lorem', 55, 1, 4, 1),
(446, '2022-07-30', 'lorem', 47, 1, 4, 1),
(447, '2022-07-30', 'lorem', 45, 1, 2, 2),
(448, '2022-02-24', 'lorem', 35, 2, 3, 1),
(449, '2022-02-23', 'lorem', 32, 2, 4, 1),
(450, '2022-02-08', 'lorem', 53, 2, 5, 1),
(451, '2022-02-09', 'lorem', 59, 2, 3, 1),
(452, '2022-02-08', 'lorem', 30, 2, 3, 2),
(453, '2022-10-25', 'lorem', 41, 3, 3, 2),
(454, '2022-08-23', 'lorem', 55, 4, 3, 2),
(455, '2022-09-26', 'lorem', 47, 5, 3, 2),
(456, '2022-11-28', 'lorem', 46, 6, 5, 2),
(457, '2023-01-01', 'lorem', 32, 7, 4, 1),
(458, '2023-01-25', 'lorem', 46, 7, 5, 1),
(459, '2023-01-22', 'lorem', 49, 7, 1, 2),
(460, '2022-06-28', 'lorem', 48, 8, 1, 2),
(461, '2022-04-10', 'lorem', 31, 9, 5, 2),
(462, '2022-01-17', 'lorem', 45, 78, 1, 2),
(463, '2022-05-14', 'lorem', 44, 79, 2, 1),
(464, '2022-05-11', 'lorem', 37, 79, 3, 1),
(465, '2022-05-13', 'lorem', 36, 79, 3, 2),
(466, '2022-07-24', 'lorem', 34, 80, 5, 2),
(467, '2022-10-05', 'lorem', 53, 81, 2, 2),
(468, '2023-01-09', 'lorem', 48, 82, 1, 2),
(469, '2022-08-09', 'lorem', 51, 83, 4, 2),
(470, '2022-03-01', 'lorem', 57, 84, 2, 1),
(471, '2022-03-22', 'lorem', 57, 84, 1, 2),
(472, '2023-01-07', 'lorem', 41, 85, 1, 2),
(473, '2022-05-07', 'lorem', 36, 86, 1, 1),
(474, '2022-05-13', 'lorem', 54, 86, 4, 2),
(475, '2022-04-05', 'lorem', 35, 168, 5, 1),
(476, '2022-03-15', 'lorem', 43, 168, 1, 1),
(477, '2022-03-25', 'lorem', 45, 168, 3, 2),
(478, '2022-02-07', 'lorem', 32, 169, 5, 2),
(479, '2022-08-22', 'lorem', 52, 170, 1, 1),
(480, '2022-09-03', 'lorem', 48, 170, 4, 1),
(481, '2022-11-22', 'lorem', 58, 171, 5, 1),
(482, '2022-11-26', 'lorem', 46, 171, 5, 2),
(483, '2022-11-24', 'lorem', 50, 257, 1, 2),
(484, '2022-08-21', 'lorem', 57, 258, 5, 1),
(485, '2022-08-05', 'lorem', 45, 258, 3, 2),
(486, '2022-06-17', 'lorem', 51, 259, 2, 2),
(487, '2022-03-24', 'lorem', 30, 260, 2, 1),
(488, '2022-04-19', 'lorem', 48, 260, 1, 2),
(489, '2022-12-23', 'lorem', 54, 261, 2, 2),
(490, '2022-01-28', 'lorem', 54, 262, 3, 1),
(491, '2022-02-24', 'lorem', 37, 262, 2, 2),
(492, '2022-07-24', 'lorem', 47, 263, 5, 2),
(493, '2022-06-02', 'lorem', 44, 264, 1, 1),
(494, '2022-05-24', 'lorem', 36, 264, 1, 1),
(495, '2022-06-08', 'lorem', 47, 264, 5, 1),
(496, '2022-06-18', 'lorem', 35, 264, 1, 2),
(497, '2022-06-07', 'lorem', 37, 265, 1, 1),
(498, '2022-05-21', 'lorem', 32, 265, 4, 2),
(499, '2022-07-31', 'lorem', 47, 391, 3, 2),
(500, '2022-03-28', 'lorem', 39, 392, 1, 2),
(501, '2022-03-21', 'lorem', 56, 393, 2, 1),
(502, '2022-04-11', 'lorem', 55, 393, 2, 2),
(503, '2022-07-21', 'lorem', 34, 394, 1, 1),
(504, '2022-07-10', 'lorem', 42, 394, 3, 2),
(505, '2022-12-19', 'lorem', 39, 395, 5, 1),
(506, '2022-12-05', 'lorem', 40, 395, 2, 1),
(507, '2022-12-21', 'lorem', 56, 395, 5, 2),
(508, '2022-02-26', 'lorem', 44, 396, 4, 2),
(509, '2022-10-18', 'lorem', 44, 397, 5, 1),
(510, '2022-10-18', 'lorem', 43, 397, 4, 2),
(511, '2022-06-22', 'lorem', 31, 398, 3, 2),
(512, '2022-12-29', 'lorem', 58, 399, 5, 2),
(513, '2022-05-09', 'lorem', 55, 400, 3, 2),
(514, '2023-01-06', 'lorem', 51, 34, 5, 1),
(515, '2023-01-21', 'lorem', 50, 34, 3, 2),
(516, '2022-03-15', 'lorem', 49, 35, 4, 2),
(517, '2023-01-13', 'lorem', 34, 36, 2, 2),
(518, '2022-04-14', 'lorem', 56, 37, 4, 1),
(519, '2022-04-25', 'lorem', 41, 37, 1, 1),
(520, '2022-04-11', 'lorem', 45, 37, 5, 1),
(521, '2022-04-13', 'lorem', 44, 37, 4, 2),
(522, '2022-06-29', 'lorem', 52, 38, 1, 2),
(523, '2022-05-03', 'lorem', 52, 39, 5, 2),
(524, '2022-05-07', 'lorem', 40, 40, 2, 1),
(525, '2022-05-18', 'lorem', 37, 40, 3, 2),
(526, '2022-10-18', 'lorem', 50, 41, 3, 1),
(527, '2022-10-14', 'lorem', 50, 41, 2, 2),
(528, '2022-08-18', 'lorem', 54, 42, 5, 2),
(529, '2022-12-07', 'lorem', 33, 43, 3, 1),
(530, '2022-11-24', 'lorem', 33, 43, 1, 2),
(531, '2022-04-05', 'lorem', 33, 106, 1, 2),
(532, '2022-06-19', 'lorem', 59, 107, 4, 2),
(533, '2022-06-06', 'lorem', 56, 108, 3, 2),
(534, '2022-07-22', 'lorem', 57, 109, 5, 1),
(535, '2022-07-10', 'lorem', 51, 109, 2, 1),
(536, '2022-07-20', 'lorem', 44, 110, 3, 2),
(537, '2022-02-04', 'lorem', 49, 111, 5, 1),
(538, '2022-02-19', 'lorem', 52, 111, 3, 2),
(539, '2022-10-25', 'lorem', 38, 112, 5, 1),
(540, '2022-10-20', 'lorem', 53, 112, 5, 2),
(541, '2022-08-03', 'lorem', 30, 113, 2, 1),
(542, '2022-07-18', 'lorem', 49, 113, 2, 1),
(543, '2022-08-07', 'lorem', 34, 113, 1, 1),
(544, '2022-07-22', 'lorem', 30, 113, 1, 2),
(545, '2022-06-14', 'lorem', 37, 114, 4, 1),
(546, '2022-06-18', 'lorem', 34, 114, 1, 1),
(547, '2022-11-26', 'lorem', 53, 401, 2, 1),
(548, '2022-11-07', 'lorem', 51, 401, 2, 1),
(549, '2022-11-23', 'lorem', 45, 401, 3, 2),
(550, '2022-04-12', 'lorem', 47, 402, 5, 1),
(551, '2022-05-05', 'lorem', 38, 402, 3, 2),
(552, '2022-11-26', 'lorem', 32, 403, 5, 1),
(553, '2022-11-09', 'lorem', 55, 403, 5, 1),
(554, '2022-10-29', 'lorem', 51, 403, 5, 2),
(555, '2022-04-28', 'lorem', 52, 404, 1, 2),
(556, '2022-07-28', 'lorem', 51, 150, 3, 1),
(557, '2022-08-04', 'lorem', 58, 150, 1, 2),
(558, '2022-03-16', 'lorem', 45, 151, 1, 1),
(559, '2022-03-29', 'lorem', 33, 151, 3, 1),
(560, '2022-03-21', 'lorem', 56, 151, 5, 2),
(561, '2022-05-03', 'lorem', 44, 152, 4, 1),
(562, '2022-05-13', 'lorem', 37, 152, 2, 2),
(563, '2022-02-25', 'lorem', 36, 153, 5, 2),
(564, '2022-03-25', 'lorem', 36, 218, 4, 2),
(565, '2022-11-20', 'lorem', 34, 219, 2, 2),
(566, '2022-10-21', 'lorem', 51, 220, 3, 2),
(567, '2022-03-31', 'lorem', 37, 221, 5, 1),
(568, '2022-03-16', 'lorem', 34, 221, 2, 2),
(569, '2022-09-16', 'lorem', 54, 222, 5, 1),
(570, '2022-09-18', 'lorem', 32, 222, 1, 1),
(571, '2022-09-23', 'lorem', 33, 222, 2, 2),
(572, '2022-11-22', 'lorem', 54, 223, 5, 1),
(573, '2022-11-26', 'lorem', 41, 223, 1, 2),
(574, '2022-05-11', 'lorem', 30, 224, 2, 2),
(575, '2022-06-14', 'lorem', 45, 254, 5, 1),
(576, '2022-05-31', 'lorem', 50, 254, 1, 1),
(577, '2022-06-09', 'lorem', 51, 254, 5, 1),
(578, '2022-06-11', 'lorem', 30, 254, 3, 2),
(579, '2022-11-19', 'lorem', 31, 255, 2, 2),
(580, '2022-12-02', 'lorem', 55, 256, 5, 2),
(581, '2023-01-19', 'lorem', 43, 405, 2, 1),
(582, '2023-01-23', 'lorem', 37, 405, 4, 2),
(583, '2022-02-05', 'lorem', 41, 406, 1, 1),
(584, '2022-02-11', 'lorem', 58, 406, 2, 2),
(585, '2022-06-09', 'lorem', 52, 407, 3, 1),
(586, '2022-06-09', 'lorem', 43, 407, 3, 1),
(587, '2022-05-24', 'lorem', 50, 407, 1, 1),
(588, '2022-05-19', 'lorem', 31, 407, 5, 1),
(589, '2022-06-01', 'lorem', 30, 407, 1, 2),
(590, '2022-08-19', 'lorem', 50, 408, 1, 2),
(591, '2022-02-02', 'lorem', 50, 409, 4, 1),
(592, '2022-01-20', 'lorem', 48, 409, 2, 2),
(593, '2022-03-29', 'lorem', 59, 410, 2, 2),
(594, '2022-12-13', 'lorem', 53, 411, 4, 1),
(595, '2022-12-22', 'lorem', 58, 411, 3, 2),
(596, '2022-02-23', 'lorem', 36, 412, 5, 1),
(597, '2022-03-07', 'lorem', 44, 412, 4, 1),
(598, '2022-03-10', 'lorem', 34, 412, 1, 2),
(599, '2022-10-29', 'lorem', 45, 413, 1, 2),
(600, '2022-06-12', 'lorem', 41, 414, 3, 2),
(601, '2022-03-21', 'lorem', 45, 144, 2, 2),
(602, '2022-01-11', 'lorem', 48, 145, 3, 2),
(603, '2022-06-13', 'lorem', 32, 146, 1, 1),
(604, '2022-06-07', 'lorem', 51, 146, 3, 1),
(605, '2022-06-02', 'lorem', 59, 146, 4, 2),
(606, '2022-02-18', 'lorem', 39, 147, 4, 2),
(607, '2022-01-27', 'lorem', 40, 148, 3, 2),
(608, '2022-03-11', 'lorem', 49, 149, 2, 1),
(609, '2022-03-14', 'lorem', 40, 149, 4, 1),
(610, '2022-09-04', 'lorem', 58, 184, 4, 1),
(611, '2022-08-18', 'lorem', 44, 184, 4, 2),
(612, '2022-09-27', 'lorem', 59, 185, 2, 1),
(613, '2022-10-04', 'lorem', 45, 185, 5, 2),
(614, '2022-08-29', 'lorem', 51, 186, 1, 1),
(615, '2022-08-05', 'lorem', 32, 186, 1, 1),
(616, '2022-08-10', 'lorem', 56, 186, 4, 2),
(617, '2022-12-18', 'lorem', 33, 187, 5, 1),
(618, '2022-12-03', 'lorem', 59, 187, 5, 2),
(619, '2022-09-28', 'lorem', 46, 188, 4, 1),
(620, '2022-10-10', 'lorem', 51, 188, 5, 1),
(621, '2022-09-30', 'lorem', 47, 188, 5, 1),
(622, '2022-10-08', 'lorem', 42, 188, 1, 1),
(623, '2022-10-18', 'lorem', 47, 188, 1, 2),
(624, '2022-10-17', 'lorem', 40, 415, 2, 2),
(625, '2022-08-09', 'lorem', 41, 416, 5, 2),
(626, '2022-06-11', 'lorem', 59, 417, 3, 1),
(627, '2022-06-13', 'lorem', 45, 417, 2, 2),
(628, '2022-08-05', 'lorem', 55, 418, 3, 1),
(629, '2022-07-21', 'lorem', 41, 418, 1, 2),
(630, '2022-06-12', 'lorem', 54, 419, 4, 1),
(631, '2022-06-27', 'lorem', 59, 419, 5, 1),
(632, '2022-06-25', 'lorem', 39, 420, 1, 2),
(633, '2022-02-16', 'lorem', 40, 421, 4, 1),
(634, '2022-01-27', 'lorem', 54, 421, 3, 2),
(635, '2022-02-11', 'lorem', 35, 17, 3, 1),
(636, '2022-02-07', 'lorem', 40, 17, 5, 1),
(637, '2022-02-13', 'lorem', 56, 17, 3, 2),
(638, '2022-04-10', 'lorem', 49, 18, 5, 2),
(639, '2022-09-15', 'lorem', 47, 154, 4, 2),
(640, '2022-12-03', 'lorem', 57, 225, 3, 2),
(641, '2022-06-05', 'lorem', 40, 226, 5, 2),
(642, '2022-04-14', 'lorem', 42, 227, 3, 2),
(643, '2022-03-28', 'lorem', 43, 228, 2, 2),
(644, '2022-06-05', 'lorem', 33, 229, 3, 1),
(645, '2022-06-03', 'lorem', 54, 229, 4, 1),
(646, '2022-05-28', 'lorem', 49, 229, 2, 2),
(647, '2022-02-13', 'lorem', 31, 230, 1, 1),
(648, '2022-02-03', 'lorem', 36, 230, 5, 2),
(649, '2022-06-10', 'lorem', 46, 231, 1, 2),
(650, '2022-08-13', 'lorem', 54, 232, 1, 2),
(651, '2022-12-06', 'lorem', 45, 422, 5, 1),
(652, '2022-12-02', 'lorem', 50, 422, 4, 2),
(653, '2022-06-03', 'lorem', 45, 423, 4, 1),
(654, '2022-06-10', 'lorem', 38, 423, 5, 2),
(655, '2022-04-19', 'lorem', 34, 424, 1, 1),
(656, '2022-04-04', 'lorem', 34, 424, 2, 2),
(657, '2023-01-16', 'lorem', 52, 425, 5, 1),
(658, '2022-12-27', 'lorem', 51, 425, 4, 1),
(659, '2023-01-20', 'lorem', 54, 425, 1, 2),
(660, '2022-03-09', 'lorem', 35, 426, 3, 1),
(661, '2022-03-20', 'lorem', 55, 426, 3, 2),
(662, '2023-01-12', 'lorem', 48, 427, 2, 2),
(663, '2022-08-29', 'lorem', 53, 44, 3, 1),
(664, '2022-08-25', 'lorem', 47, 44, 1, 2),
(665, '2022-06-19', 'lorem', 50, 45, 1, 2),
(666, '2022-03-23', 'lorem', 57, 46, 3, 2),
(667, '2022-10-11', 'lorem', 36, 47, 3, 2),
(668, '2022-03-21', 'lorem', 58, 48, 5, 2),
(669, '2022-12-22', 'lorem', 38, 189, 4, 2),
(670, '2022-04-26', 'lorem', 53, 428, 3, 2),
(671, '2022-08-21', 'lorem', 38, 429, 3, 1),
(672, '2022-08-15', 'lorem', 48, 429, 2, 1),
(673, '2022-07-25', 'lorem', 34, 429, 4, 2),
(674, '2022-12-31', 'lorem', 38, 430, 1, 2),
(675, '2022-01-06', 'lorem', 56, 431, 1, 2),
(676, '2022-04-13', 'lorem', 35, 432, 5, 2),
(677, '2022-01-02', 'lorem', 46, 433, 2, 2),
(678, '2022-06-18', 'lorem', 49, 434, 5, 1),
(679, '2022-06-06', 'lorem', 41, 434, 2, 2),
(680, '2022-01-20', 'lorem', 46, 435, 5, 2),
(681, '2023-01-03', 'lorem', 58, 436, 3, 2),
(682, '2022-11-04', 'lorem', 33, 437, 4, 1),
(683, '2022-10-18', 'lorem', 51, 437, 5, 2),
(684, '2023-01-12', 'lorem', 49, 438, 3, 1),
(685, '2022-12-27', 'lorem', 30, 438, 2, 1),
(686, '2023-01-11', 'lorem', 44, 438, 5, 2),
(687, '2022-06-26', 'lorem', 56, 439, 4, 2),
(688, '2022-05-25', 'lorem', 48, 126, 3, 1),
(689, '2022-06-01', 'lorem', 49, 126, 4, 1),
(690, '2022-05-17', 'lorem', 57, 126, 5, 1),
(691, '2022-09-27', 'lorem', 38, 127, 3, 1),
(692, '2022-09-10', 'lorem', 36, 127, 2, 1),
(693, '2022-09-24', 'lorem', 54, 127, 5, 2),
(694, '2022-03-28', 'lorem', 41, 128, 4, 2),
(695, '2022-02-21', 'lorem', 53, 129, 1, 1),
(696, '2022-02-14', 'lorem', 44, 129, 2, 2),
(697, '2022-10-24', 'lorem', 56, 130, 4, 1),
(698, '2022-10-16', 'lorem', 37, 130, 2, 1),
(699, '2022-10-11', 'lorem', 36, 130, 4, 2),
(700, '2022-08-10', 'lorem', 54, 131, 3, 1),
(701, '2022-08-11', 'lorem', 37, 131, 2, 1),
(702, '2022-08-11', 'lorem', 39, 132, 3, 2),
(703, '2022-02-26', 'lorem', 51, 133, 4, 1),
(704, '2022-02-18', 'lorem', 30, 133, 1, 1),
(705, '2022-02-26', 'lorem', 47, 133, 2, 2),
(706, '2022-11-15', 'lorem', 38, 134, 2, 2),
(707, '2022-10-28', 'lorem', 30, 135, 3, 2),
(708, '2022-04-17', 'lorem', 53, 201, 4, 2),
(709, '2022-12-22', 'lorem', 45, 202, 3, 1),
(710, '2022-12-24', 'lorem', 47, 202, 1, 2),
(711, '2022-12-09', 'lorem', 38, 203, 1, 2),
(712, '2022-09-02', 'lorem', 59, 204, 3, 1),
(713, '2022-08-25', 'lorem', 43, 204, 2, 2),
(714, '2022-06-27', 'lorem', 55, 205, 1, 2),
(715, '2022-06-15', 'lorem', 34, 206, 1, 2),
(716, '2022-08-07', 'lorem', 32, 207, 4, 2),
(717, '2022-07-24', 'lorem', 45, 208, 2, 2),
(718, '2022-12-13', 'lorem', 58, 209, 3, 2),
(719, '2022-03-13', 'lorem', 49, 210, 2, 1),
(720, '2022-02-27', 'lorem', 42, 210, 1, 2),
(721, '2022-11-23', 'lorem', 30, 211, 4, 1),
(722, '2022-11-07', 'lorem', 47, 211, 1, 2),
(723, '2022-11-20', 'lorem', 34, 212, 1, 1),
(724, '2022-12-02', 'lorem', 45, 212, 3, 2),
(725, '2022-09-18', 'lorem', 35, 213, 2, 1),
(726, '2022-09-09', 'lorem', 53, 213, 2, 1),
(727, '2022-11-06', 'lorem', 47, 214, 1, 1),
(728, '2022-11-10', 'lorem', 57, 214, 1, 2),
(729, '2022-03-15', 'lorem', 55, 215, 2, 1),
(730, '2022-03-23', 'lorem', 38, 215, 5, 2),
(731, '2022-04-22', 'lorem', 47, 216, 4, 1),
(732, '2022-05-09', 'lorem', 45, 216, 3, 2),
(733, '2022-05-05', 'lorem', 44, 440, 4, 1),
(734, '2022-05-06', 'lorem', 51, 440, 4, 1),
(735, '2022-05-07', 'lorem', 39, 440, 3, 1),
(736, '2022-05-01', 'lorem', 44, 440, 1, 2),
(737, '2022-03-30', 'lorem', 32, 441, 3, 1),
(738, '2022-03-26', 'lorem', 42, 441, 2, 2),
(739, '2023-01-17', 'lorem', 33, 442, 1, 1),
(740, '2023-01-19', 'lorem', 40, 442, 1, 1),
(741, '2023-01-20', 'lorem', 55, 442, 5, 2),
(742, '2022-05-22', 'lorem', 34, 443, 3, 2),
(743, '2022-12-11', 'lorem', 37, 444, 4, 2),
(744, '2022-05-04', 'lorem', 46, 445, 3, 1),
(745, '2022-05-19', 'lorem', 35, 445, 5, 1),
(746, '2022-05-08', 'lorem', 44, 445, 4, 1),
(747, '2022-02-06', 'lorem', 38, 25, 3, 2),
(748, '2023-01-03', 'lorem', 59, 26, 5, 1),
(749, '2023-01-11', 'lorem', 35, 26, 1, 2),
(750, '2022-12-02', 'lorem', 47, 27, 4, 1),
(751, '2022-11-17', 'lorem', 52, 27, 4, 1),
(752, '2022-11-26', 'lorem', 56, 27, 1, 1),
(753, '2022-11-18', 'lorem', 34, 27, 5, 1),
(754, '2022-05-16', 'lorem', 47, 28, 3, 2),
(755, '2022-03-18', 'lorem', 57, 29, 3, 2),
(756, '2022-11-16', 'lorem', 31, 30, 4, 2),
(757, '2022-08-27', 'lorem', 47, 31, 3, 2),
(758, '2022-07-29', 'lorem', 50, 32, 2, 1),
(759, '2022-08-05', 'lorem', 46, 32, 2, 2),
(760, '2022-12-13', 'lorem', 46, 33, 2, 1),
(761, '2022-12-06', 'lorem', 44, 33, 5, 2),
(762, '2022-03-14', 'lorem', 58, 57, 1, 2),
(763, '2023-01-01', 'lorem', 58, 105, 3, 2),
(764, '2022-05-13', 'lorem', 35, 136, 5, 1),
(765, '2022-05-04', 'lorem', 58, 136, 1, 1),
(766, '2022-04-26', 'lorem', 36, 136, 1, 2),
(767, '2022-04-21', 'lorem', 43, 137, 4, 2),
(768, '2022-06-14', 'lorem', 56, 138, 2, 2),
(769, '2022-06-15', 'lorem', 54, 139, 1, 2),
(770, '2022-10-28', 'lorem', 41, 140, 5, 1),
(771, '2022-11-04', 'lorem', 52, 140, 5, 2),
(772, '2022-10-24', 'lorem', 51, 141, 5, 2),
(773, '2022-06-17', 'lorem', 55, 142, 4, 1),
(774, '2022-06-21', 'lorem', 30, 142, 4, 2),
(775, '2022-09-13', 'lorem', 43, 143, 1, 1),
(776, '2022-09-16', 'lorem', 45, 143, 4, 1),
(777, '2022-01-18', 'lorem', 47, 217, 3, 1),
(778, '2022-01-23', 'lorem', 36, 217, 5, 2),
(779, '2022-01-15', 'lorem', 55, 446, 2, 1),
(780, '2022-01-16', 'lorem', 31, 446, 1, 1),
(781, '2022-01-16', 'lorem', 42, 446, 1, 2),
(782, '2022-02-05', 'lorem', 48, 447, 4, 2);

-- --------------------------------------------------------

--
-- Structure de la table `marque`
--

CREATE TABLE `marque` (
  `id_marque` int NOT NULL,
  `nom` varchar(255) NOT NULL
) ENGINE=InnoDB DEFAULT CHARSET=utf8mb4 COLLATE=utf8mb4_0900_ai_ci;

--
-- Déchargement des données de la table `marque`
--

INSERT INTO `marque` (`id_marque`, `nom`) VALUES
(1, 'Dell'),
(2, 'Samsung'),
(3, 'Lenovo'),
(4, 'Xerox'),
(5, 'HP'),
(6, 'Iiyama');

-- --------------------------------------------------------

--
-- Structure de la table `materiel`
--

CREATE TABLE `materiel` (
  `id_materiel` int NOT NULL,
  `designation` varchar(255) NOT NULL,
  `refConstructeur` varchar(50) NOT NULL,
  `numSerie` varchar(50) NOT NULL,
  `id_marque` int NOT NULL,
  `id_type` int NOT NULL,
  `id_client` int NOT NULL
) ENGINE=InnoDB DEFAULT CHARSET=utf8mb4 COLLATE=utf8mb4_0900_ai_ci;

--
-- Déchargement des données de la table `materiel`
--

INSERT INTO `materiel` (`id_materiel`, `designation`, `refConstructeur`, `numSerie`, `id_marque`, `id_type`, `id_client`) VALUES
(1, 'Imprimante Q2-53-y1', 'W1XMWT', 'MS0EA2SLEC', 4, 4, 13),
(2, 'Imprimante X2-53-s1', 'B4ZCRP', 'RSF0HYPX4C', 5, 3, 7),
(3, 'Imprimante S2-73-w1', 'XOGXAA', 'D01EXVSZQA', 6, 3, 2),
(4, 'Ecran K2-33-p1', 'Q91GAQ', '9VJWAAR7HF', 6, 3, 3),
(5, 'Imprimante G2-93-f1', 'F5BWWB', '6Y8VZYWJV1', 1, 2, 18),
(6, 'Imprimante D2-13-f1', '55DHLP', 'PM4BNXNSDM', 3, 3, 11),
(7, 'Imprimante V2-53-w1', 'B614S2', 'YE1880YZR1', 6, 3, 10),
(8, 'Pc portable G2-03-d1', 'TTVT0A', 'AVJIJYXKZM', 1, 4, 19),
(9, 'Imprimante H2-93-m1', 'XOVJX4', 'HNZWAUX2TX', 1, 1, 16),
(10, 'Imprimante W2-13-s1', 'B9D4NA', '79GODZ5A6I', 1, 4, 4),
(11, 'Ecran B2-63-p1', '51DLPS', 'L870E2N48A', 4, 1, 20),
(12, 'Imprimante S2-13-o1', '4AGRUF', 'TAPWGKZE5N', 2, 1, 12),
(13, 'Ecran B2-33-w1', 'P8L5E2', 'BVOARZJQC5', 2, 2, 17),
(14, 'Ecran Y2-13-x1', 'XLKMFP', 'DC25TX6SCK', 4, 1, 19),
(15, 'Pc fixe P2-03-w1', 'RA8RK2', '1336ZAOBEH', 5, 4, 3),
(16, 'Pc fixe I2-43-i1', '7OLK1P', 'GL93F7D2GD', 2, 4, 20),
(17, 'Ecran C2-03-f1', '9ZNPZI', 'PQL6ETGA9H', 1, 3, 8),
(18, 'Ecran Z2-83-s1', 'CSG7BL', 'N2NG1IVW0H', 6, 2, 5),
(19, 'Pc portable T2-53-v1', 'P6AS1F', 'S3A1GMCU46', 6, 4, 3),
(20, 'Imprimante G2-33-x1', 'TIO3ZA', '47YHE6LVAQ', 4, 3, 8),
(21, 'Imprimante S2-13-n1', '9F9CN9', '3359LXMFNY', 3, 3, 11),
(22, 'Ecran D2-73-s1', '57KKCB', 'V8W3LOXLFY', 1, 1, 2),
(23, 'Imprimante D2-33-e1', 'PYA4X2', 'QDMBN7RB49', 3, 4, 18),
(24, 'Imprimante U2-53-a1', '88RC6X', 'AZ9Q389Q7Z', 2, 2, 16),
(25, 'Pc portable C2-43-q1', 'SHD20L', '2JW27RTG98', 6, 4, 18),
(26, 'Imprimante J2-23-q1', 'TNSG6N', '10LKQBT066', 1, 3, 1),
(27, 'Ecran M2-73-x1', 'VZR6SH', 'QT22HJXYPT', 3, 2, 2),
(28, 'Pc fixe B2-83-c1', 'YW6038', 'PFHG7ZTZBX', 6, 2, 20),
(29, 'Imprimante I2-23-e1', 'Q7YSM9', 'ML1VI12IQL', 2, 2, 6),
(30, 'Ecran M2-43-r1', 'FH3OV8', 'F46SF6IWXD', 4, 3, 16),
(31, 'Ecran X2-33-f1', 'A19Y1R', 'IAN665NUXB', 6, 3, 10),
(32, 'Ecran M2-63-j1', '321IHT', 'V2T7ASRN54', 6, 1, 5),
(33, 'Imprimante A2-03-z1', 'EU4ADN', 'ZW8XHBA0V4', 5, 2, 12),
(34, 'Imprimante I2-73-x1', 'OS5X7A', '70YZTQM9BD', 5, 2, 12),
(35, 'Pc fixe K2-03-e1', 'SSIQ0S', 'HCUM69GWHJ', 6, 4, 7),
(36, 'Imprimante X2-53-o1', 'WX46L8', 'YI0M7O03IU', 2, 1, 9),
(37, 'Pc fixe S2-83-h1', 'HGXYTG', '5AU2DLVQP5', 6, 2, 13),
(38, 'Pc portable M2-63-p1', 'O17U4W', 'BMAQYP5MQH', 2, 3, 16),
(39, 'Pc fixe D2-23-q1', 'D2IELH', 'IRHTJ09YMV', 5, 1, 4),
(40, 'Imprimante R2-53-i1', 'TJ4K68', 'OSGHNSTOX1', 2, 4, 12),
(41, 'Pc fixe C2-33-l1', 'MQJO9O', '8DDG5VLQJ4', 1, 2, 19),
(42, 'Ecran B2-53-e1', 'RHJ6G4', 'N7UIUWHWQZ', 6, 4, 18),
(43, 'Imprimante V2-73-s1', 'CYJJT0', 'VASZJSG7HT', 5, 2, 18),
(44, 'Imprimante S2-03-x1', 'E5CJGA', 'WU5VK0URLQ', 5, 1, 20),
(45, 'Pc portable L2-63-k1', 'CICA2Q', 'AVLI3QP9IC', 6, 4, 10),
(46, 'Imprimante K2-43-b1', 'IZ3ZFK', '6A3OGM4YMS', 2, 3, 20),
(47, 'Pc portable T2-33-p1', 'OU9NNC', 'IRR6LH511Q', 5, 1, 15),
(48, 'Ecran R2-33-r1', 'Y7D9PY', 'RM9P7QUZG6', 6, 1, 13),
(49, 'Imprimante I2-23-l1', 'UTTCBG', 'F1IA8O9D37', 1, 3, 16),
(50, 'Ecran U2-33-v1', '0TS7I1', '7AY2P2WFMP', 5, 3, 1),
(51, 'Imprimante M2-83-h1', 'BSVOS0', 'FF8WGJ1U6T', 2, 3, 8),
(52, 'Imprimante S2-03-c1', 'PE6P84', 'MSRRGOVLAE', 3, 1, 1),
(53, 'Pc portable A2-23-w1', '05LINT', 'VIPXPUQXRB', 6, 4, 7),
(54, 'Ecran A2-93-d1', '2FWDWR', 'SCRTD73KJ1', 5, 1, 8),
(55, 'Ecran V2-43-i1', 'HW6KRZ', '1FY4P5Z9PH', 5, 4, 19),
(56, 'Ecran A2-53-w1', 'CWE13C', 'SLFNTSBGN2', 2, 1, 11),
(57, 'Imprimante K2-73-l1', '6WNE0A', 'XT0NRAAGK0', 5, 3, 11),
(58, 'Imprimante G2-43-s1', 'HF81KF', 'EI0XP4LDXM', 5, 3, 13),
(59, 'Ecran W2-73-o1', 'IWALWF', 'EW4AJSTIS2', 1, 2, 14),
(60, 'Pc fixe H2-43-v1', 'EQFD8A', 'NOJWF7K2R1', 5, 2, 18),
(61, 'Imprimante K2-63-v1', 'O8623R', 'EI2LJO6COB', 3, 1, 11),
(62, 'Imprimante T2-53-g1', 'OTOD42', 'BXS38LC3VG', 2, 4, 16),
(63, 'Imprimante X2-93-j1', 'DPEJG6', '412FXAZHCF', 5, 4, 6),
(64, 'Ecran Q2-83-r1', 'TV44D4', '76ZIOW8438', 3, 4, 3),
(65, 'Ecran S2-33-n1', 'GXJIM6', 'D4BDED15LC', 5, 4, 15),
(66, 'Pc fixe M2-53-g1', '1I3HXB', 'XI5CPU40TM', 3, 1, 17),
(67, 'Ecran T2-93-y1', '9WNB7K', '1XRYZ70AAC', 1, 4, 14),
(68, 'Pc fixe G2-43-f1', 'KY8EBD', 'ZMHW0LLR0F', 5, 1, 9),
(69, 'Imprimante B2-83-g1', 'E5Z9CV', '756QJWQNP7', 3, 1, 8),
(70, 'Imprimante D2-63-m1', 'DE61LP', 'DYFHFTZG5D', 1, 2, 19),
(71, 'Pc portable O2-33-y1', 'QI8A4V', 'SIP6L2KWMH', 3, 3, 5),
(72, 'Imprimante D2-03-f1', 'RDLHFE', '2RZMG5DN1M', 5, 4, 19),
(73, 'Imprimante V2-53-p1', '7D5050', 'AHL3N3YUKK', 4, 2, 20),
(74, 'Ecran X2-63-h1', 'A6ZOPS', 'F55QUCRSJS', 3, 3, 16),
(75, 'Imprimante E2-83-y1', 'OJ0OMC', '53VEEC0WBZ', 2, 1, 2),
(76, 'Pc fixe T2-13-b1', '7K5WYH', '3NSHBJ5TC2', 4, 3, 12),
(77, 'Pc portable D2-63-b1', '1AMO4Y', '0ECW1YIVCZ', 6, 3, 8),
(78, 'Imprimante N2-23-m1', 'QU3RX2', 'LG3L5R0J3O', 4, 2, 11),
(79, 'Ecran T2-23-b1', 'IO5CVE', 'ROHQ7127FJ', 6, 4, 7),
(80, 'Pc fixe N2-53-v1', 'A7G7QD', 'OJR5JNAVZP', 1, 4, 13),
(81, 'Ecran K2-73-p1', 'VO2ZRC', '6X5HK4ADRR', 6, 4, 2),
(82, 'Imprimante V2-93-n1', 'SF1WWE', 'BWPA4B6E6Z', 4, 3, 16),
(83, 'Imprimante G2-83-f1', '7S2T5P', '4PG5CVQ6NQ', 6, 2, 13),
(84, 'Imprimante Z2-13-q1', 'CAQ7O7', 'CY3RRZQX18', 1, 3, 2),
(85, 'Ecran K2-83-q1', 'H7OS1Z', '9R74VYA43Q', 1, 2, 5),
(86, 'Pc portable F2-73-c1', 'S788NV', 'Y8SLEOS396', 5, 4, 9),
(87, 'Ecran X2-03-k1', 'ZNQOQ9', '0MS7GGPA60', 4, 3, 4),
(88, 'Imprimante P2-43-e1', 'NSJRYY', 'A7J5KU556O', 4, 4, 13),
(89, 'Ecran X2-33-b1', 'GQGMXA', 'K151WJW398', 3, 1, 11),
(90, 'Imprimante T2-33-q1', 'T3M3SM', 'AZT021XTUW', 5, 3, 12),
(91, 'Ecran W2-73-w1', '2BJYU6', 'PI6GV0UTWK', 4, 1, 4),
(92, 'Imprimante Y2-93-n1', 'T9F6W6', 'CWDN45E6EC', 1, 4, 7),
(93, 'Imprimante G2-43-h1', 'EBWCHR', 'AY6UKBKEPN', 6, 4, 6),
(94, 'Imprimante G2-83-f1', 'Z2R0QP', 'IUIDOLD0TG', 5, 2, 2),
(95, 'Imprimante P2-13-v1', 'SS465W', 'KOT7B0JVGW', 4, 3, 4),
(96, 'Ecran M2-33-w1', 'KHTHCD', 'GJI64N5EQZ', 3, 3, 3),
(97, 'Imprimante N2-63-u1', '9728PH', 'DDZ3Q3CYMS', 6, 4, 2),
(98, 'Imprimante O2-13-c1', 'H7BB34', 'WRZL94YOVI', 2, 2, 8),
(99, 'Imprimante H2-13-j1', 'OQGQOU', 'CN2A8LCO3O', 4, 4, 4),
(100, 'Imprimante C2-63-w1', 'TSUJ90', 'PPNNZ5C24Z', 6, 2, 13);

-- --------------------------------------------------------

--
-- Structure de la table `piece`
--

CREATE TABLE `piece` (
  `id_piece` int NOT NULL,
  `designation` varchar(255) NOT NULL,
  `puAchatHt` decimal(6,2) NOT NULL,
  `puVenteHt` decimal(6,2) NOT NULL
) ENGINE=InnoDB DEFAULT CHARSET=utf8mb4 COLLATE=utf8mb4_0900_ai_ci;

--
-- Déchargement des données de la table `piece`
--

INSERT INTO `piece` (`id_piece`, `designation`, `puAchatHt`, `puVenteHt`) VALUES
(1, 'piece - S00', '62.44', '74.93'),
(2, 'piece - ROG', '99.82', '119.78'),
(3, 'piece - GML', '14.03', '16.84'),
(4, 'piece - XX4', '39.35', '47.22'),
(5, 'piece - VKC', '57.39', '68.87'),
(6, 'piece - X9B', '19.20', '23.04'),
(7, 'piece - HB5', '77.57', '93.08'),
(8, 'piece - JY1', '77.64', '93.17'),
(9, 'piece - 6VV', '31.07', '37.28'),
(10, 'piece - SP4', '47.74', '57.29');

-- --------------------------------------------------------

--
-- Structure de la table `statut`
--

CREATE TABLE `statut` (
  `id_statut` int NOT NULL,
  `libelle` varchar(20) NOT NULL
) ENGINE=InnoDB DEFAULT CHARSET=utf8mb4 COLLATE=utf8mb4_0900_ai_ci;

--
-- Déchargement des données de la table `statut`
--

INSERT INTO `statut` (`id_statut`, `libelle`) VALUES
(1, 'En cours'),
(2, 'Clôturé');

-- --------------------------------------------------------

--
-- Doublure de structure pour la vue `taux_tickets_par_marque`
-- (Voir ci-dessous la vue réelle)
--
CREATE TABLE `taux_tickets_par_marque` (
`id_marque` int
,`nom` varchar(255)
,`nbTicketsMarque` bigint
,`totalTickets` bigint
,`nbTickets` decimal(26,2)
);

-- --------------------------------------------------------

--
-- Structure de la table `technicien`
--

CREATE TABLE `technicien` (
  `id_technicien` int NOT NULL,
  `nom` varchar(255) NOT NULL,
  `prenom` varchar(255) NOT NULL,
  `email` varchar(255) NOT NULL
) ENGINE=InnoDB DEFAULT CHARSET=utf8mb4 COLLATE=utf8mb4_0900_ai_ci;

--
-- Déchargement des données de la table `technicien`
--

INSERT INTO `technicien` (`id_technicien`, `nom`, `prenom`, `email`) VALUES
(1, 'Blundel', 'Edeline', 'blundel.edeline@gmail.com'),
(2, 'Hamner', 'Gabbey', 'hamner.gabbey@gmail.com'),
(3, 'Stebbin', 'Shelton', 'stebbin.shelton@gmail.com'),
(4, 'Ivimey', 'Valaria', 'ivimey.valaria@gmail.com'),
(5, 'Campanelli', 'Patrizius', 'campanelli.patrizius@gmail.com');

-- --------------------------------------------------------

--
-- Structure de la table `ticket`
--

CREATE TABLE `ticket` (
  `id_ticket` int NOT NULL,
  `dateCreation` date NOT NULL,
  `description` text NOT NULL,
  `id_materiel` int DEFAULT NULL,
  `id_client` int NOT NULL
) ENGINE=InnoDB DEFAULT CHARSET=utf8mb4 COLLATE=utf8mb4_0900_ai_ci;

--
-- Déchargement des données de la table `ticket`
--

INSERT INTO `ticket` (`id_ticket`, `dateCreation`, `description`, `id_materiel`, `id_client`) VALUES
(1, '2022-07-23', 'lorem client 11, matériel 6', 6, 11),
(2, '2022-02-02', 'lorem client 11, matériel 6', 6, 11),
(3, '2022-10-11', 'lorem client 11, matériel 6', 6, 11),
(4, '2022-08-12', 'lorem client 11, matériel 6', 6, 11),
(5, '2022-09-26', 'lorem client 11, matériel 6', 6, 11),
(6, '2022-11-03', 'lorem client 11, matériel 6', 6, 11),
(7, '2022-12-28', 'lorem client 11, matériel 6', 6, 11),
(8, '2022-06-07', 'lorem client 11, matériel 6', 6, 11),
(9, '2022-03-12', 'lorem client 11, matériel 6', 6, 11),
(10, '2022-09-02', 'lorem client 10, matériel 7', 7, 10),
(11, '2022-10-09', 'lorem client 10, matériel 7', 7, 10),
(12, '2022-11-05', 'lorem client 10, matériel 7', 7, 10),
(13, '2022-11-27', 'lorem client 10, matériel 7', 7, 10),
(14, '2022-12-31', 'lorem client 10, matériel 7', 7, 10),
(15, '2022-04-11', 'lorem client 10, matériel 7', 7, 10),
(16, '2022-05-19', 'lorem client 10, matériel 7', 7, 10),
(17, '2022-01-27', 'lorem client 16, matériel 9', 9, 16),
(18, '2022-03-22', 'lorem client 16, matériel 9', 9, 16),
(19, '2022-11-19', 'lorem client 4, matériel 10', 10, 4),
(20, '2022-10-03', 'lorem client 4, matériel 10', 10, 4),
(21, '2022-02-15', 'lorem client 4, matériel 10', 10, 4),
(22, '2022-05-12', 'lorem client 4, matériel 10', 10, 4),
(23, '2022-06-06', 'lorem client 4, matériel 10', 10, 4),
(24, '2022-01-24', 'lorem client 4, matériel 10', 10, 4),
(25, '2022-01-15', 'lorem client 20, matériel 11', 11, 20),
(26, '2022-12-30', 'lorem client 20, matériel 11', 11, 20),
(27, '2022-11-14', 'lorem client 20, matériel 11', 11, 20),
(28, '2022-05-11', 'lorem client 20, matériel 11', 11, 20),
(29, '2022-03-08', 'lorem client 20, matériel 11', 11, 20),
(30, '2022-10-31', 'lorem client 20, matériel 11', 11, 20),
(31, '2022-08-11', 'lorem client 20, matériel 11', 11, 20),
(32, '2022-07-21', 'lorem client 20, matériel 11', 11, 20),
(33, '2022-12-06', 'lorem client 20, matériel 11', 11, 20),
(34, '2022-12-30', 'lorem client 12, matériel 12', 12, 12),
(35, '2022-03-11', 'lorem client 12, matériel 12', 12, 12),
(36, '2022-12-20', 'lorem client 12, matériel 12', 12, 12),
(37, '2022-04-07', 'lorem client 12, matériel 12', 12, 12),
(38, '2022-06-04', 'lorem client 12, matériel 12', 12, 12),
(39, '2022-04-28', 'lorem client 12, matériel 12', 12, 12),
(40, '2022-05-04', 'lorem client 12, matériel 12', 12, 12),
(41, '2022-09-22', 'lorem client 12, matériel 12', 12, 12),
(42, '2022-08-13', 'lorem client 12, matériel 12', 12, 12),
(43, '2022-11-22', 'lorem client 12, matériel 12', 12, 12),
(44, '2022-08-14', 'lorem client 17, matériel 13', 13, 17),
(45, '2022-05-30', 'lorem client 17, matériel 13', 13, 17),
(46, '2022-03-12', 'lorem client 17, matériel 13', 13, 17),
(47, '2022-09-30', 'lorem client 17, matériel 13', 13, 17),
(48, '2022-02-22', 'lorem client 17, matériel 13', 13, 17),
(49, '2022-06-27', 'lorem client 3, matériel 15', 15, 3),
(50, '2022-12-29', 'lorem client 3, matériel 15', 15, 3),
(51, '2022-07-04', 'lorem client 3, matériel 15', 15, 3),
(52, '2022-07-19', 'lorem client 3, matériel 15', 15, 3),
(53, '2022-03-22', 'lorem client 3, matériel 15', 15, 3),
(54, '2022-06-17', 'lorem client 3, matériel 15', 15, 3),
(55, '2022-08-22', 'lorem client 3, matériel 15', 15, 3),
(56, '2022-10-26', 'lorem client 3, matériel 15', 15, 3),
(57, '2022-03-06', 'lorem client 20, matériel 16', 16, 20),
(58, '2022-06-03', 'lorem client 5, matériel 18', 18, 5),
(59, '2022-07-31', 'lorem client 5, matériel 18', 18, 5),
(60, '2022-08-20', 'lorem client 5, matériel 18', 18, 5),
(61, '2022-06-07', 'lorem client 5, matériel 18', 18, 5),
(62, '2022-04-02', 'lorem client 5, matériel 18', 18, 5),
(63, '2022-12-18', 'lorem client 5, matériel 18', 18, 5),
(64, '2022-01-24', 'lorem client 5, matériel 18', 18, 5),
(65, '2022-06-06', 'lorem client 5, matériel 18', 18, 5),
(66, '2022-12-15', 'lorem client 5, matériel 18', 18, 5),
(67, '2022-06-28', 'lorem client 5, matériel 18', 18, 5),
(68, '2022-08-01', 'lorem client 3, matériel 19', 19, 3),
(69, '2022-06-10', 'lorem client 3, matériel 19', 19, 3),
(70, '2022-06-15', 'lorem client 3, matériel 19', 19, 3),
(71, '2022-12-11', 'lorem client 3, matériel 19', 19, 3),
(72, '2022-05-14', 'lorem client 3, matériel 19', 19, 3),
(73, '2022-12-29', 'lorem client 3, matériel 19', 19, 3),
(74, '2022-11-13', 'lorem client 3, matériel 19', 19, 3),
(75, '2022-05-12', 'lorem client 3, matériel 19', 19, 3),
(76, '2022-03-15', 'lorem client 3, matériel 19', 19, 3),
(77, '2022-12-04', 'lorem client 3, matériel 19', 19, 3),
(78, '2022-01-07', 'lorem client 11, matériel 21', 21, 11),
(79, '2022-04-26', 'lorem client 11, matériel 21', 21, 11),
(80, '2022-07-14', 'lorem client 11, matériel 21', 21, 11),
(81, '2022-09-16', 'lorem client 11, matériel 21', 21, 11),
(82, '2022-12-11', 'lorem client 11, matériel 21', 21, 11),
(83, '2022-08-06', 'lorem client 11, matériel 21', 21, 11),
(84, '2022-02-23', 'lorem client 11, matériel 21', 21, 11),
(85, '2022-12-13', 'lorem client 11, matériel 21', 21, 11),
(86, '2022-04-23', 'lorem client 11, matériel 21', 21, 11),
(87, '2022-09-09', 'lorem client 1, matériel 26', 26, 1),
(88, '2022-07-11', 'lorem client 1, matériel 26', 26, 1),
(89, '2022-07-23', 'lorem client 1, matériel 26', 26, 1),
(90, '2022-03-20', 'lorem client 1, matériel 26', 26, 1),
(91, '2022-05-24', 'lorem client 1, matériel 26', 26, 1),
(92, '2022-05-01', 'lorem client 1, matériel 26', 26, 1),
(93, '2022-06-21', 'lorem client 1, matériel 26', 26, 1),
(94, '2022-05-12', 'lorem client 1, matériel 26', 26, 1),
(95, '2022-05-23', 'lorem client 1, matériel 26', 26, 1),
(96, '2022-11-14', 'lorem client 2, matériel 27', 27, 2),
(97, '2022-03-07', 'lorem client 2, matériel 27', 27, 2),
(98, '2022-04-17', 'lorem client 2, matériel 27', 27, 2),
(99, '2022-12-03', 'lorem client 2, matériel 27', 27, 2),
(100, '2022-09-24', 'lorem client 2, matériel 27', 27, 2),
(101, '2022-11-21', 'lorem client 2, matériel 27', 27, 2),
(102, '2022-04-01', 'lorem client 2, matériel 27', 27, 2),
(103, '2022-07-29', 'lorem client 2, matériel 27', 27, 2),
(104, '2022-02-17', 'lorem client 2, matériel 27', 27, 2),
(105, '2022-12-04', 'lorem client 20, matériel 28', 28, 20),
(106, '2022-03-28', 'lorem client 12, matériel 34', 34, 12),
(107, '2022-05-31', 'lorem client 12, matériel 34', 34, 12),
(108, '2022-05-08', 'lorem client 12, matériel 34', 34, 12),
(109, '2022-07-07', 'lorem client 12, matériel 34', 34, 12),
(110, '2022-07-10', 'lorem client 12, matériel 34', 34, 12),
(111, '2022-01-23', 'lorem client 12, matériel 34', 34, 12),
(112, '2022-09-29', 'lorem client 12, matériel 34', 34, 12),
(113, '2022-07-14', 'lorem client 12, matériel 34', 34, 12),
(114, '2022-06-07', 'lorem client 12, matériel 34', 34, 12),
(115, '2022-07-26', 'lorem client 9, matériel 36', 36, 9),
(116, '2022-07-14', 'lorem client 9, matériel 36', 36, 9),
(117, '2022-12-18', 'lorem client 9, matériel 36', 36, 9),
(118, '2022-03-20', 'lorem client 9, matériel 36', 36, 9),
(119, '2022-03-11', 'lorem client 9, matériel 36', 36, 9),
(120, '2022-04-22', 'lorem client 4, matériel 39', 39, 4),
(121, '2022-12-17', 'lorem client 4, matériel 39', 39, 4),
(122, '2022-11-20', 'lorem client 4, matériel 39', 39, 4),
(123, '2022-07-19', 'lorem client 4, matériel 39', 39, 4),
(124, '2022-01-26', 'lorem client 4, matériel 39', 39, 4),
(125, '2022-09-18', 'lorem client 4, matériel 39', 39, 4),
(126, '2022-05-12', 'lorem client 19, matériel 41', 41, 19),
(127, '2022-08-29', 'lorem client 19, matériel 41', 41, 19),
(128, '2022-03-18', 'lorem client 19, matériel 41', 41, 19),
(129, '2022-01-29', 'lorem client 19, matériel 41', 41, 19),
(130, '2022-10-05', 'lorem client 19, matériel 41', 41, 19),
(131, '2022-07-27', 'lorem client 19, matériel 41', 41, 19),
(132, '2022-07-24', 'lorem client 19, matériel 41', 41, 19),
(133, '2022-02-05', 'lorem client 19, matériel 41', 41, 19),
(134, '2022-10-22', 'lorem client 19, matériel 41', 41, 19),
(135, '2022-09-29', 'lorem client 19, matériel 41', 41, 19),
(136, '2022-04-20', 'lorem client 20, matériel 44', 44, 20),
(137, '2022-04-09', 'lorem client 20, matériel 44', 44, 20),
(138, '2022-06-13', 'lorem client 20, matériel 44', 44, 20),
(139, '2022-06-07', 'lorem client 20, matériel 44', 44, 20),
(140, '2022-10-24', 'lorem client 20, matériel 44', 44, 20),
(141, '2022-10-07', 'lorem client 20, matériel 44', 44, 20),
(142, '2022-05-25', 'lorem client 20, matériel 46', 46, 20),
(143, '2022-09-05', 'lorem client 20, matériel 46', 46, 20),
(144, '2022-03-18', 'lorem client 15, matériel 47', 47, 15),
(145, '2022-01-04', 'lorem client 15, matériel 47', 47, 15),
(146, '2022-06-02', 'lorem client 15, matériel 47', 47, 15),
(147, '2022-01-24', 'lorem client 15, matériel 47', 47, 15),
(148, '2022-01-25', 'lorem client 15, matériel 47', 47, 15),
(149, '2022-02-23', 'lorem client 15, matériel 47', 47, 15),
(150, '2022-07-11', 'lorem client 13, matériel 48', 48, 13),
(151, '2022-03-08', 'lorem client 13, matériel 48', 48, 13),
(152, '2022-05-03', 'lorem client 13, matériel 48', 48, 13),
(153, '2022-02-20', 'lorem client 13, matériel 48', 48, 13),
(154, '2022-09-06', 'lorem client 16, matériel 49', 49, 16),
(155, '2022-12-30', 'lorem client 1, matériel 50', 50, 1),
(156, '2022-12-06', 'lorem client 1, matériel 50', 50, 1),
(157, '2022-08-31', 'lorem client 1, matériel 50', 50, 1),
(158, '2022-07-15', 'lorem client 8, matériel 51', 51, 8),
(159, '2022-09-08', 'lorem client 8, matériel 51', 51, 8),
(160, '2022-10-29', 'lorem client 8, matériel 51', 51, 8),
(161, '2022-01-25', 'lorem client 8, matériel 51', 51, 8),
(162, '2022-11-10', 'lorem client 8, matériel 51', 51, 8),
(163, '2022-02-05', 'lorem client 8, matériel 51', 51, 8),
(164, '2022-11-29', 'lorem client 8, matériel 51', 51, 8),
(165, '2022-04-04', 'lorem client 8, matériel 51', 51, 8),
(166, '2022-07-19', 'lorem client 8, matériel 51', 51, 8),
(167, '2022-12-19', 'lorem client 8, matériel 51', 51, 8),
(168, '2022-03-09', 'lorem client 11, matériel 57', 57, 11),
(169, '2022-01-11', 'lorem client 11, matériel 57', 57, 11),
(170, '2022-08-05', 'lorem client 11, matériel 57', 57, 11),
(171, '2022-11-18', 'lorem client 11, matériel 57', 57, 11),
(172, '2022-08-15', 'lorem client 6, matériel 63', 63, 6),
(173, '2022-06-19', 'lorem client 6, matériel 63', 63, 6),
(174, '2022-06-15', 'lorem client 6, matériel 63', 63, 6),
(175, '2022-11-15', 'lorem client 3, matériel 64', 64, 3),
(176, '2022-01-04', 'lorem client 3, matériel 64', 64, 3),
(177, '2022-06-05', 'lorem client 3, matériel 64', 64, 3),
(178, '2022-02-07', 'lorem client 3, matériel 64', 64, 3),
(179, '2022-03-26', 'lorem client 3, matériel 64', 64, 3),
(180, '2022-11-07', 'lorem client 3, matériel 64', 64, 3),
(181, '2022-07-22', 'lorem client 3, matériel 64', 64, 3),
(182, '2022-03-23', 'lorem client 3, matériel 64', 64, 3),
(183, '2022-06-16', 'lorem client 3, matériel 64', 64, 3),
(184, '2022-08-11', 'lorem client 15, matériel 65', 65, 15),
(185, '2022-09-07', 'lorem client 15, matériel 65', 65, 15),
(186, '2022-08-04', 'lorem client 15, matériel 65', 65, 15),
(187, '2022-11-26', 'lorem client 15, matériel 65', 65, 15),
(188, '2022-09-26', 'lorem client 15, matériel 65', 65, 15),
(189, '2022-12-21', 'lorem client 17, matériel 66', 66, 17),
(190, '2022-08-24', 'lorem client 9, matériel 68', 68, 9),
(191, '2022-04-25', 'lorem client 9, matériel 68', 68, 9),
(192, '2022-08-21', 'lorem client 9, matériel 68', 68, 9),
(193, '2022-04-01', 'lorem client 9, matériel 68', 68, 9),
(194, '2022-04-28', 'lorem client 9, matériel 68', 68, 9),
(195, '2022-11-15', 'lorem client 9, matériel 68', 68, 9),
(196, '2022-05-22', 'lorem client 9, matériel 68', 68, 9),
(197, '2022-04-30', 'lorem client 9, matériel 68', 68, 9),
(198, '2022-06-22', 'lorem client 9, matériel 68', 68, 9),
(199, '2022-05-19', 'lorem client 8, matériel 69', 69, 8),
(200, '2022-06-26', 'lorem client 8, matériel 69', 69, 8),
(201, '2022-04-13', 'lorem client 19, matériel 70', 70, 19),
(202, '2022-12-12', 'lorem client 19, matériel 70', 70, 19),
(203, '2022-11-22', 'lorem client 19, matériel 70', 70, 19),
(204, '2022-08-17', 'lorem client 19, matériel 70', 70, 19),
(205, '2022-06-14', 'lorem client 19, matériel 70', 70, 19),
(206, '2022-05-18', 'lorem client 19, matériel 70', 70, 19),
(207, '2022-07-11', 'lorem client 19, matériel 72', 72, 19),
(208, '2022-07-02', 'lorem client 19, matériel 72', 72, 19),
(209, '2022-12-04', 'lorem client 19, matériel 72', 72, 19),
(210, '2022-02-14', 'lorem client 19, matériel 72', 72, 19),
(211, '2022-11-04', 'lorem client 19, matériel 72', 72, 19),
(212, '2022-11-03', 'lorem client 19, matériel 72', 72, 19),
(213, '2022-09-02', 'lorem client 19, matériel 72', 72, 19),
(214, '2022-11-01', 'lorem client 19, matériel 72', 72, 19),
(215, '2022-02-28', 'lorem client 19, matériel 72', 72, 19),
(216, '2022-04-20', 'lorem client 19, matériel 72', 72, 19),
(217, '2022-01-06', 'lorem client 20, matériel 73', 73, 20),
(218, '2022-03-08', 'lorem client 13, matériel 80', 80, 13),
(219, '2022-11-10', 'lorem client 13, matériel 80', 80, 13),
(220, '2022-10-03', 'lorem client 13, matériel 80', 80, 13),
(221, '2022-03-11', 'lorem client 13, matériel 80', 80, 13),
(222, '2022-09-09', 'lorem client 13, matériel 80', 80, 13),
(223, '2022-11-15', 'lorem client 13, matériel 80', 80, 13),
(224, '2022-04-17', 'lorem client 13, matériel 80', 80, 13),
(225, '2022-11-06', 'lorem client 16, matériel 82', 82, 16),
(226, '2022-05-12', 'lorem client 16, matériel 82', 82, 16),
(227, '2022-04-06', 'lorem client 16, matériel 82', 82, 16),
(228, '2022-03-25', 'lorem client 16, matériel 82', 82, 16),
(229, '2022-05-10', 'lorem client 16, matériel 82', 82, 16),
(230, '2022-02-01', 'lorem client 16, matériel 82', 82, 16),
(231, '2022-05-16', 'lorem client 16, matériel 82', 82, 16),
(232, '2022-08-04', 'lorem client 16, matériel 82', 82, 16),
(233, '2022-11-04', 'lorem client 2, matériel 84', 84, 2),
(234, '2022-06-09', 'lorem client 2, matériel 84', 84, 2),
(235, '2022-08-31', 'lorem client 5, matériel 85', 85, 5),
(236, '2022-01-02', 'lorem client 5, matériel 85', 85, 5),
(237, '2022-01-14', 'lorem client 5, matériel 85', 85, 5),
(238, '2022-03-01', 'lorem client 5, matériel 85', 85, 5),
(239, '2022-09-16', 'lorem client 5, matériel 85', 85, 5),
(240, '2022-01-18', 'lorem client 5, matériel 85', 85, 5),
(241, '2022-02-13', 'lorem client 5, matériel 85', 85, 5),
(242, '2022-06-15', 'lorem client 5, matériel 85', 85, 5),
(243, '2022-11-29', 'lorem client 9, matériel 86', 86, 9),
(244, '2022-03-14', 'lorem client 4, matériel 87', 87, 4),
(245, '2022-04-02', 'lorem client 4, matériel 87', 87, 4),
(246, '2022-08-29', 'lorem client 4, matériel 87', 87, 4),
(247, '2022-07-18', 'lorem client 4, matériel 87', 87, 4),
(248, '2022-09-27', 'lorem client 4, matériel 87', 87, 4),
(249, '2022-01-25', 'lorem client 4, matériel 87', 87, 4),
(250, '2022-02-14', 'lorem client 4, matériel 87', 87, 4),
(251, '2022-05-28', 'lorem client 4, matériel 87', 87, 4),
(252, '2022-08-29', 'lorem client 4, matériel 87', 87, 4),
(253, '2022-01-29', 'lorem client 4, matériel 87', 87, 4),
(254, '2022-05-30', 'lorem client 13, matériel 88', 88, 13),
(255, '2022-10-26', 'lorem client 13, matériel 88', 88, 13),
(256, '2022-11-09', 'lorem client 13, matériel 88', 88, 13),
(257, '2022-10-30', 'lorem client 11, matériel 89', 89, 11),
(258, '2022-07-29', 'lorem client 11, matériel 89', 89, 11),
(259, '2022-05-23', 'lorem client 11, matériel 89', 89, 11),
(260, '2022-03-23', 'lorem client 11, matériel 89', 89, 11),
(261, '2022-12-13', 'lorem client 11, matériel 89', 89, 11),
(262, '2022-01-27', 'lorem client 11, matériel 89', 89, 11),
(263, '2022-07-10', 'lorem client 11, matériel 89', 89, 11),
(264, '2022-05-20', 'lorem client 11, matériel 89', 89, 11),
(265, '2022-05-10', 'lorem client 11, matériel 89', 89, 11),
(266, '2022-08-16', 'lorem client 7, matériel 92', 92, 7),
(267, '2022-01-21', 'lorem client 7, matériel 92', 92, 7),
(268, '2022-05-28', 'lorem client 7, matériel 92', 92, 7),
(269, '2022-11-07', 'lorem client 7, matériel 92', 92, 7),
(270, '2022-01-19', 'lorem client 7, matériel 92', 92, 7),
(271, '2022-09-10', 'lorem client 7, matériel 92', 92, 7),
(272, '2022-04-24', 'lorem client 7, matériel 92', 92, 7),
(273, '2022-06-24', 'lorem client 7, matériel 92', 92, 7),
(274, '2022-06-15', 'lorem client 7, matériel 92', 92, 7),
(275, '2022-11-01', 'lorem client 7, matériel 92', 92, 7),
(276, '2022-10-23', 'lorem client 6, matériel 93', 93, 6),
(277, '2022-07-17', 'lorem client 6, matériel 93', 93, 6),
(278, '2022-04-15', 'lorem client 6, matériel 93', 93, 6),
(279, '2022-10-21', 'lorem client 6, matériel 93', 93, 6),
(280, '2022-02-27', 'lorem client 6, matériel 93', 93, 6),
(281, '2022-05-17', 'lorem client 2, matériel 94', 94, 2),
(282, '2022-05-27', 'lorem client 2, matériel 94', 94, 2),
(283, '2022-11-20', 'lorem client 2, matériel 94', 94, 2),
(284, '2022-03-23', 'lorem client 2, matériel 94', 94, 2),
(285, '2022-06-15', 'lorem client 2, matériel 94', 94, 2),
(286, '2022-08-08', 'lorem client 2, matériel 94', 94, 2),
(287, '2022-08-26', 'lorem client 2, matériel 94', 94, 2),
(288, '2022-06-12', 'lorem client 2, matériel 94', 94, 2),
(289, '2022-04-09', 'lorem client 2, matériel 94', 94, 2),
(290, '2022-01-06', 'lorem client 4, matériel 95', 95, 4),
(291, '2022-04-10', 'lorem client 4, matériel 95', 95, 4),
(292, '2022-04-26', 'lorem client 4, matériel 95', 95, 4),
(293, '2022-10-04', 'lorem client 4, matériel 95', 95, 4),
(294, '2022-11-05', 'lorem client 2, matériel 97', 97, 2),
(295, '2022-12-12', 'lorem client 2, matériel 97', 97, 2),
(296, '2022-03-14', 'lorem client 2, matériel 97', 97, 2),
(297, '2022-02-26', 'lorem client 2, matériel 97', 97, 2),
(298, '2022-03-08', 'lorem client 2, matériel 97', 97, 2),
(299, '2022-06-13', 'lorem client 2, matériel 97', 97, 2),
(300, '2022-09-08', 'lorem client 2, matériel 97', 97, 2),
(301, '2022-02-03', 'lorem client 2, matériel 97', 97, 2),
(302, '2022-05-25', 'lorem client 8, matériel 98', 98, 8),
(303, '2022-09-15', 'lorem client 8, matériel 98', 98, 8),
(304, '2022-05-03', 'lorem client 8, matériel 98', 98, 8),
(305, '2022-07-25', 'lorem client 8, matériel 98', 98, 8),
(306, '2022-10-21', 'lorem client 8, matériel 98', 98, 8),
(307, '2022-05-05', 'lorem client 8, matériel 98', 98, 8),
(308, '2022-04-14', 'lorem client 8, matériel 98', 98, 8),
(309, '2022-09-21', 'lorem client 1, matériel null', NULL, 1),
(310, '2022-07-18', 'lorem client 1, matériel null', NULL, 1),
(311, '2022-07-20', 'lorem client 1, matériel null', NULL, 1),
(312, '2022-02-14', 'lorem client 1, matériel null', NULL, 1),
(313, '2022-12-16', 'lorem client 1, matériel null', NULL, 1),
(314, '2022-06-03', 'lorem client 1, matériel null', NULL, 1),
(315, '2022-03-27', 'lorem client 1, matériel null', NULL, 1),
(316, '2022-11-29', 'lorem client 1, matériel null', NULL, 1),
(317, '2022-11-08', 'lorem client 1, matériel null', NULL, 1),
(318, '2022-07-15', 'lorem client 1, matériel null', NULL, 1),
(319, '2022-02-11', 'lorem client 2, matériel null', NULL, 2),
(320, '2022-12-18', 'lorem client 2, matériel null', NULL, 2),
(321, '2022-06-21', 'lorem client 2, matériel null', NULL, 2),
(322, '2022-06-21', 'lorem client 2, matériel null', NULL, 2),
(323, '2022-12-06', 'lorem client 2, matériel null', NULL, 2),
(324, '2022-03-30', 'lorem client 2, matériel null', NULL, 2),
(325, '2022-06-04', 'lorem client 2, matériel null', NULL, 2),
(326, '2022-05-25', 'lorem client 3, matériel null', NULL, 3),
(327, '2022-09-13', 'lorem client 3, matériel null', NULL, 3),
(328, '2022-04-25', 'lorem client 3, matériel null', NULL, 3),
(329, '2022-06-23', 'lorem client 3, matériel null', NULL, 3),
(330, '2022-06-07', 'lorem client 3, matériel null', NULL, 3),
(331, '2022-09-25', 'lorem client 3, matériel null', NULL, 3),
(332, '2022-05-14', 'lorem client 3, matériel null', NULL, 3),
(333, '2022-08-19', 'lorem client 3, matériel null', NULL, 3),
(334, '2022-01-22', 'lorem client 3, matériel null', NULL, 3),
(335, '2022-05-28', 'lorem client 3, matériel null', NULL, 3),
(336, '2022-11-06', 'lorem client 4, matériel null', NULL, 4),
(337, '2022-01-07', 'lorem client 4, matériel null', NULL, 4),
(338, '2022-07-19', 'lorem client 4, matériel null', NULL, 4),
(339, '2022-09-08', 'lorem client 4, matériel null', NULL, 4),
(340, '2022-10-14', 'lorem client 4, matériel null', NULL, 4),
(341, '2022-11-15', 'lorem client 4, matériel null', NULL, 4),
(342, '2022-01-03', 'lorem client 4, matériel null', NULL, 4),
(343, '2022-06-02', 'lorem client 4, matériel null', NULL, 4),
(344, '2022-01-24', 'lorem client 5, matériel null', NULL, 5),
(345, '2022-01-25', 'lorem client 5, matériel null', NULL, 5),
(346, '2022-02-23', 'lorem client 5, matériel null', NULL, 5),
(347, '2022-07-13', 'lorem client 5, matériel null', NULL, 5),
(348, '2022-03-18', 'lorem client 5, matériel null', NULL, 5),
(349, '2022-06-17', 'lorem client 5, matériel null', NULL, 5),
(350, '2022-09-02', 'lorem client 5, matériel null', NULL, 5),
(351, '2022-12-19', 'lorem client 5, matériel null', NULL, 5),
(352, '2022-10-26', 'lorem client 5, matériel null', NULL, 5),
(353, '2022-03-14', 'lorem client 6, matériel null', NULL, 6),
(354, '2022-07-16', 'lorem client 6, matériel null', NULL, 6),
(355, '2022-02-03', 'lorem client 6, matériel null', NULL, 6),
(356, '2022-11-04', 'lorem client 6, matériel null', NULL, 6),
(357, '2022-12-08', 'lorem client 6, matériel null', NULL, 6),
(358, '2022-02-25', 'lorem client 6, matériel null', NULL, 6),
(359, '2022-12-15', 'lorem client 6, matériel null', NULL, 6),
(360, '2022-04-27', 'lorem client 6, matériel null', NULL, 6),
(361, '2022-09-23', 'lorem client 6, matériel null', NULL, 6),
(362, '2022-09-08', 'lorem client 6, matériel null', NULL, 6),
(363, '2022-03-30', 'lorem client 7, matériel null', NULL, 7),
(364, '2022-02-25', 'lorem client 7, matériel null', NULL, 7),
(365, '2022-01-14', 'lorem client 7, matériel null', NULL, 7),
(366, '2022-09-22', 'lorem client 7, matériel null', NULL, 7),
(367, '2022-07-08', 'lorem client 7, matériel null', NULL, 7),
(368, '2022-05-28', 'lorem client 7, matériel null', NULL, 7),
(369, '2022-06-20', 'lorem client 7, matériel null', NULL, 7),
(370, '2022-02-17', 'lorem client 7, matériel null', NULL, 7),
(371, '2022-04-03', 'lorem client 8, matériel null', NULL, 8),
(372, '2022-11-14', 'lorem client 8, matériel null', NULL, 8),
(373, '2022-08-06', 'lorem client 8, matériel null', NULL, 8),
(374, '2022-05-12', 'lorem client 8, matériel null', NULL, 8),
(375, '2022-01-09', 'lorem client 9, matériel null', NULL, 9),
(376, '2022-01-12', 'lorem client 9, matériel null', NULL, 9),
(377, '2022-02-03', 'lorem client 9, matériel null', NULL, 9),
(378, '2022-05-13', 'lorem client 9, matériel null', NULL, 9),
(379, '2022-07-18', 'lorem client 9, matériel null', NULL, 9),
(380, '2022-08-16', 'lorem client 9, matériel null', NULL, 9),
(381, '2022-06-28', 'lorem client 9, matériel null', NULL, 9),
(382, '2022-07-31', 'lorem client 9, matériel null', NULL, 9),
(383, '2022-06-03', 'lorem client 9, matériel null', NULL, 9),
(384, '2022-05-17', 'lorem client 10, matériel null', NULL, 10),
(385, '2022-08-08', 'lorem client 10, matériel null', NULL, 10),
(386, '2022-11-22', 'lorem client 10, matériel null', NULL, 10),
(387, '2022-08-25', 'lorem client 10, matériel null', NULL, 10),
(388, '2022-07-29', 'lorem client 10, matériel null', NULL, 10),
(389, '2022-12-01', 'lorem client 10, matériel null', NULL, 10),
(390, '2022-11-10', 'lorem client 10, matériel null', NULL, 10),
(391, '2022-07-20', 'lorem client 11, matériel null', NULL, 11),
(392, '2022-03-04', 'lorem client 11, matériel null', NULL, 11),
(393, '2022-03-16', 'lorem client 11, matériel null', NULL, 11),
(394, '2022-07-05', 'lorem client 11, matériel null', NULL, 11),
(395, '2022-12-04', 'lorem client 11, matériel null', NULL, 11),
(396, '2022-02-08', 'lorem client 11, matériel null', NULL, 11),
(397, '2022-10-01', 'lorem client 11, matériel null', NULL, 11),
(398, '2022-06-08', 'lorem client 11, matériel null', NULL, 11),
(399, '2022-12-05', 'lorem client 11, matériel null', NULL, 11),
(400, '2022-04-29', 'lorem client 11, matériel null', NULL, 11),
(401, '2022-11-07', 'lorem client 12, matériel null', NULL, 12),
(402, '2022-04-11', 'lorem client 12, matériel null', NULL, 12),
(403, '2022-10-28', 'lorem client 12, matériel null', NULL, 12),
(404, '2022-04-17', 'lorem client 12, matériel null', NULL, 12),
(405, '2022-12-27', 'lorem client 13, matériel null', NULL, 13),
(406, '2022-01-24', 'lorem client 13, matériel null', NULL, 13),
(407, '2022-05-13', 'lorem client 13, matériel null', NULL, 13),
(408, '2022-08-15', 'lorem client 13, matériel null', NULL, 13),
(409, '2022-01-05', 'lorem client 13, matériel null', NULL, 13),
(410, '2022-03-12', 'lorem client 13, matériel null', NULL, 13),
(411, '2022-12-09', 'lorem client 13, matériel null', NULL, 13),
(412, '2022-02-11', 'lorem client 14, matériel null', NULL, 14),
(413, '2022-09-30', 'lorem client 14, matériel null', NULL, 14),
(414, '2022-05-26', 'lorem client 14, matériel null', NULL, 14),
(415, '2022-09-29', 'lorem client 15, matériel null', NULL, 15),
(416, '2022-07-14', 'lorem client 15, matériel null', NULL, 15),
(417, '2022-06-05', 'lorem client 15, matériel null', NULL, 15),
(418, '2022-07-16', 'lorem client 15, matériel null', NULL, 15),
(419, '2022-06-01', 'lorem client 15, matériel null', NULL, 15),
(420, '2022-06-18', 'lorem client 15, matériel null', NULL, 15),
(421, '2022-01-22', 'lorem client 15, matériel null', NULL, 15),
(422, '2022-12-01', 'lorem client 16, matériel null', NULL, 16),
(423, '2022-05-25', 'lorem client 16, matériel null', NULL, 16),
(424, '2022-03-26', 'lorem client 16, matériel null', NULL, 16),
(425, '2022-12-22', 'lorem client 16, matériel null', NULL, 16),
(426, '2022-03-06', 'lorem client 16, matériel null', NULL, 16),
(427, '2022-12-19', 'lorem client 16, matériel null', NULL, 16),
(428, '2022-04-17', 'lorem client 17, matériel null', NULL, 17),
(429, '2022-07-25', 'lorem client 17, matériel null', NULL, 17),
(430, '2022-12-09', 'lorem client 17, matériel null', NULL, 17),
(431, '2022-01-02', 'lorem client 17, matériel null', NULL, 17),
(432, '2022-03-16', 'lorem client 17, matériel null', NULL, 17),
(433, '2022-01-02', 'lorem client 17, matériel null', NULL, 17),
(434, '2022-05-30', 'lorem client 17, matériel null', NULL, 17),
(435, '2022-01-16', 'lorem client 17, matériel null', NULL, 17),
(436, '2022-12-25', 'lorem client 17, matériel null', NULL, 17),
(437, '2022-10-12', 'lorem client 18, matériel null', NULL, 18),
(438, '2022-12-15', 'lorem client 18, matériel null', NULL, 18),
(439, '2022-06-07', 'lorem client 18, matériel null', NULL, 18),
(440, '2022-04-17', 'lorem client 19, matériel null', NULL, 19),
(441, '2022-03-04', 'lorem client 19, matériel null', NULL, 19),
(442, '2022-12-22', 'lorem client 19, matériel null', NULL, 19),
(443, '2022-05-12', 'lorem client 19, matériel null', NULL, 19),
(444, '2022-11-19', 'lorem client 19, matériel null', NULL, 19),
(445, '2022-05-02', 'lorem client 19, matériel null', NULL, 19),
(446, '2022-01-07', 'lorem client 20, matériel null', NULL, 20),
(447, '2022-01-31', 'lorem client 20, matériel null', NULL, 20);

-- --------------------------------------------------------

--
-- Structure de la table `type`
--

CREATE TABLE `type` (
  `id_type` int NOT NULL,
  `libelle` varchar(255) NOT NULL
) ENGINE=InnoDB DEFAULT CHARSET=utf8mb4 COLLATE=utf8mb4_0900_ai_ci;

--
-- Déchargement des données de la table `type`
--

INSERT INTO `type` (`id_type`, `libelle`) VALUES
(1, 'PC portable'),
(2, 'PC fixe'),
(3, 'Imprimante'),
(4, 'Serveur'),
(5, 'Ecran');

-- --------------------------------------------------------

--
-- Structure de la table `utiliser`
--

CREATE TABLE `utiliser` (
  `id_piece` int NOT NULL,
  `id_intervention` int NOT NULL
) ENGINE=InnoDB DEFAULT CHARSET=utf8mb4 COLLATE=utf8mb4_0900_ai_ci;

--
-- Déchargement des données de la table `utiliser`
--

INSERT INTO `utiliser` (`id_piece`, `id_intervention`) VALUES
(10, 4),
(8, 12),
(5, 14),
(1, 20),
(3, 28),
(8, 29),
(2, 31),
(9, 34),
(9, 35),
(3, 40),
(2, 51),
(5, 54),
(1, 56),
(7, 58),
(2, 67),
(3, 70),
(5, 71),
(1, 78),
(3, 79),
(5, 80),
(9, 86),
(5, 91),
(9, 93),
(2, 94),
(10, 96),
(8, 98),
(6, 100),
(8, 105),
(9, 108),
(2, 110),
(6, 114),
(1, 117),
(4, 119),
(2, 122),
(3, 125),
(10, 129),
(4, 131),
(10, 134),
(7, 136),
(3, 139),
(4, 140),
(1, 142),
(1, 149),
(7, 152),
(1, 157),
(7, 162),
(3, 170),
(8, 172),
(10, 175),
(6, 177),
(5, 179),
(5, 180),
(7, 181),
(3, 182),
(9, 185),
(5, 187),
(2, 188),
(10, 192),
(10, 193),
(6, 194),
(8, 197),
(9, 204),
(4, 207),
(6, 208),
(9, 209),
(10, 210),
(8, 211),
(6, 212),
(10, 217),
(4, 220),
(6, 226),
(3, 230),
(7, 231),
(7, 232),
(8, 234),
(3, 235),
(2, 236),
(9, 238),
(8, 241),
(6, 244),
(1, 249),
(3, 253),
(4, 255),
(10, 256),
(8, 258),
(5, 259),
(3, 261),
(4, 262),
(9, 263),
(9, 264),
(3, 265),
(8, 269),
(5, 270),
(9, 278),
(6, 279),
(6, 282),
(5, 283),
(1, 290),
(8, 294),
(5, 303),
(8, 305),
(9, 306),
(2, 309),
(8, 310),
(4, 312),
(9, 319),
(5, 325),
(6, 326),
(7, 330),
(5, 337),
(5, 338),
(10, 342),
(1, 343),
(4, 346),
(10, 351),
(1, 356),
(9, 357),
(8, 359),
(10, 362),
(5, 364),
(5, 368),
(3, 371),
(4, 374),
(10, 376),
(3, 378),
(9, 387),
(7, 388),
(5, 389),
(4, 391),
(8, 394),
(10, 397),
(9, 399),
(9, 403),
(9, 404),
(4, 412),
(10, 414),
(2, 416),
(8, 419),
(5, 421),
(2, 424),
(7, 426),
(1, 430),
(8, 433),
(2, 437),
(7, 440),
(4, 442),
(5, 443),
(4, 447),
(3, 450),
(1, 452),
(1, 453),
(4, 456),
(6, 457),
(5, 461),
(10, 472),
(1, 473),
(8, 475),
(5, 476),
(10, 477),
(9, 478),
(10, 480),
(5, 497),
(7, 498),
(2, 500),
(9, 503),
(2, 504),
(9, 505),
(2, 509),
(7, 511),
(6, 512),
(5, 515),
(2, 521),
(9, 522),
(7, 525),
(10, 527),
(9, 530),
(8, 532),
(9, 533),
(9, 535),
(4, 536),
(1, 541),
(1, 542),
(8, 546),
(7, 550),
(6, 551),
(4, 559),
(7, 561),
(5, 562),
(6, 563),
(9, 565),
(4, 569),
(6, 570),
(5, 571),
(6, 572),
(1, 573),
(6, 575),
(10, 576),
(8, 581),
(5, 584),
(7, 590),
(10, 594),
(4, 595),
(5, 596),
(2, 597),
(6, 599),
(7, 600),
(4, 602),
(5, 603),
(7, 606),
(6, 612),
(5, 613),
(2, 616),
(9, 617),
(1, 622),
(8, 623),
(8, 625),
(6, 626),
(4, 632),
(8, 636),
(2, 648),
(3, 650),
(1, 655),
(3, 657),
(4, 659),
(1, 663),
(3, 664),
(2, 665),
(1, 668),
(10, 670),
(4, 678),
(8, 680),
(8, 682),
(1, 684),
(1, 686),
(3, 688),
(4, 689),
(6, 692),
(8, 701),
(10, 703),
(4, 709),
(1, 710),
(8, 715),
(7, 716),
(2, 724),
(2, 726),
(7, 727),
(10, 736),
(10, 738),
(3, 740),
(10, 743),
(8, 745),
(7, 747),
(4, 748),
(9, 749),
(2, 754),
(8, 757),
(5, 762),
(5, 775),
(3, 778),
(2, 782);

-- --------------------------------------------------------

--
-- Structure de la vue `taux_tickets_par_marque`
--
DROP TABLE IF EXISTS `taux_tickets_par_marque`;

CREATE ALGORITHM=UNDEFINED DEFINER=`toto`@`localhost` SQL SECURITY DEFINER VIEW `taux_tickets_par_marque`  AS SELECT `marque`.`id_marque` AS `id_marque`, `marque`.`nom` AS `nom`, count(0) AS `nbTicketsMarque`, (select count(0) from `ticket`) AS `totalTickets`, round(((count(0) * 100) / (select count(0) from `ticket`)),2) AS `nbTickets` FROM ((`ticket` join `materiel` on((`ticket`.`id_materiel` = `materiel`.`id_materiel`))) join `marque` on((`materiel`.`id_marque` = `marque`.`id_marque`))) GROUP BY `marque`.`id_marque``id_marque`  ;

--
-- Index pour les tables déchargées
--

--
-- Index pour la table `client`
--
ALTER TABLE `client`
  ADD PRIMARY KEY (`id_client`);

--
-- Index pour la table `intervention`
--
ALTER TABLE `intervention`
  ADD PRIMARY KEY (`id_intervention`),
  ADD KEY `intervention_ticket_FK` (`id_ticket`),
  ADD KEY `intervention_technicien0_FK` (`id_technicien`),
  ADD KEY `intervention_statut1_FK` (`id_statut`);

--
-- Index pour la table `marque`
--
ALTER TABLE `marque`
  ADD PRIMARY KEY (`id_marque`);

--
-- Index pour la table `materiel`
--
ALTER TABLE `materiel`
  ADD PRIMARY KEY (`id_materiel`),
  ADD KEY `materiel_marque_FK` (`id_marque`),
  ADD KEY `materiel_type0_FK` (`id_type`),
  ADD KEY `materiel_client1_FK` (`id_client`);

--
-- Index pour la table `piece`
--
ALTER TABLE `piece`
  ADD PRIMARY KEY (`id_piece`);

--
-- Index pour la table `statut`
--
ALTER TABLE `statut`
  ADD PRIMARY KEY (`id_statut`);

--
-- Index pour la table `technicien`
--
ALTER TABLE `technicien`
  ADD PRIMARY KEY (`id_technicien`);

--
-- Index pour la table `ticket`
--
ALTER TABLE `ticket`
  ADD PRIMARY KEY (`id_ticket`),
  ADD KEY `ticket_materiel_FK` (`id_materiel`),
  ADD KEY `ticket_client0_FK` (`id_client`);

--
-- Index pour la table `type`
--
ALTER TABLE `type`
  ADD PRIMARY KEY (`id_type`);

--
-- Index pour la table `utiliser`
--
ALTER TABLE `utiliser`
  ADD PRIMARY KEY (`id_piece`,`id_intervention`),
  ADD KEY `utiliser_intervention0_FK` (`id_intervention`);

--
-- AUTO_INCREMENT pour les tables déchargées
--

--
-- AUTO_INCREMENT pour la table `client`
--
ALTER TABLE `client`
  MODIFY `id_client` int NOT NULL AUTO_INCREMENT, AUTO_INCREMENT=21;

--
-- AUTO_INCREMENT pour la table `intervention`
--
ALTER TABLE `intervention`
  MODIFY `id_intervention` int NOT NULL AUTO_INCREMENT, AUTO_INCREMENT=783;

--
-- AUTO_INCREMENT pour la table `marque`
--
ALTER TABLE `marque`
  MODIFY `id_marque` int NOT NULL AUTO_INCREMENT, AUTO_INCREMENT=7;

--
-- AUTO_INCREMENT pour la table `materiel`
--
ALTER TABLE `materiel`
  MODIFY `id_materiel` int NOT NULL AUTO_INCREMENT, AUTO_INCREMENT=101;

--
-- AUTO_INCREMENT pour la table `piece`
--
ALTER TABLE `piece`
  MODIFY `id_piece` int NOT NULL AUTO_INCREMENT, AUTO_INCREMENT=11;

--
-- AUTO_INCREMENT pour la table `statut`
--
ALTER TABLE `statut`
  MODIFY `id_statut` int NOT NULL AUTO_INCREMENT, AUTO_INCREMENT=3;

--
-- AUTO_INCREMENT pour la table `technicien`
--
ALTER TABLE `technicien`
  MODIFY `id_technicien` int NOT NULL AUTO_INCREMENT, AUTO_INCREMENT=6;

--
-- AUTO_INCREMENT pour la table `ticket`
--
ALTER TABLE `ticket`
  MODIFY `id_ticket` int NOT NULL AUTO_INCREMENT, AUTO_INCREMENT=448;

--
-- AUTO_INCREMENT pour la table `type`
--
ALTER TABLE `type`
  MODIFY `id_type` int NOT NULL AUTO_INCREMENT, AUTO_INCREMENT=6;

--
-- Contraintes pour les tables déchargées
--

--
-- Contraintes pour la table `intervention`
--
ALTER TABLE `intervention`
  ADD CONSTRAINT `intervention_statut1_FK` FOREIGN KEY (`id_statut`) REFERENCES `statut` (`id_statut`),
  ADD CONSTRAINT `intervention_technicien0_FK` FOREIGN KEY (`id_technicien`) REFERENCES `technicien` (`id_technicien`),
  ADD CONSTRAINT `intervention_ticket_FK` FOREIGN KEY (`id_ticket`) REFERENCES `ticket` (`id_ticket`);

--
-- Contraintes pour la table `materiel`
--
ALTER TABLE `materiel`
  ADD CONSTRAINT `materiel_client1_FK` FOREIGN KEY (`id_client`) REFERENCES `client` (`id_client`),
  ADD CONSTRAINT `materiel_marque_FK` FOREIGN KEY (`id_marque`) REFERENCES `marque` (`id_marque`),
  ADD CONSTRAINT `materiel_type0_FK` FOREIGN KEY (`id_type`) REFERENCES `type` (`id_type`);

--
-- Contraintes pour la table `ticket`
--
ALTER TABLE `ticket`
  ADD CONSTRAINT `ticket_client0_FK` FOREIGN KEY (`id_client`) REFERENCES `client` (`id_client`),
  ADD CONSTRAINT `ticket_materiel_FK` FOREIGN KEY (`id_materiel`) REFERENCES `materiel` (`id_materiel`);

--
-- Contraintes pour la table `utiliser`
--
ALTER TABLE `utiliser`
  ADD CONSTRAINT `utiliser_intervention0_FK` FOREIGN KEY (`id_intervention`) REFERENCES `intervention` (`id_intervention`),
  ADD CONSTRAINT `utiliser_piece_FK` FOREIGN KEY (`id_piece`) REFERENCES `piece` (`id_piece`);
COMMIT;

/*!40101 SET CHARACTER_SET_CLIENT=@OLD_CHARACTER_SET_CLIENT */;
/*!40101 SET CHARACTER_SET_RESULTS=@OLD_CHARACTER_SET_RESULTS */;
/*!40101 SET COLLATION_CONNECTION=@OLD_COLLATION_CONNECTION */;
